date,actual,predicted,model,region
2011-12-26,0.4851813486586008,0.7904632417689084,random_forest,APURIMAC
2012-01-02,0.4840059472251279,0.8882194079356556,random_forest,APURIMAC
2012-01-09,0.7254212201209524,0.896116591795495,random_forest,APURIMAC
2012-01-16,0.7242458186874735,0.9264645828522495,random_forest,APURIMAC
2012-01-23,0.7242458186874735,0.7241937823673101,random_forest,APURIMAC
2012-01-30,0.4828305457916549,0.7109822334860301,random_forest,APURIMAC
2012-02-06,0.7242458186874794,0.7394639875881313,random_forest,APURIMAC
2012-02-13,0.9656610915833039,0.7637640567241681,random_forest,APURIMAC
2012-02-20,1.448491637374947,0.7604509612949388,random_forest,APURIMAC
2012-02-27,1.448491637374947,0.726114537990892,random_forest,APURIMAC
2012-03-05,1.2070763644791285,0.755758031101359,random_forest,APURIMAC
2012-03-12,1.2070763644791285,0.7779943213563965,random_forest,APURIMAC
2012-03-19,1.4484916373749528,1.155892963936854,random_forest,APURIMAC
2012-03-26,1.6899069102707776,1.1447432475295867,random_forest,APURIMAC
2012-04-02,2.6555680018540753,1.247526743572097,random_forest,APURIMAC
2012-04-09,2.8969832747499,1.672278577387599,random_forest,APURIMAC
2012-04-16,3.6212290934373734,2.9530894069110256,random_forest,APURIMAC
2012-04-23,2.8969832747499,3.549735952943913,random_forest,APURIMAC
2012-04-30,4.345474912124846,3.3982934749048397,random_forest,APURIMAC
2012-05-07,4.828305457916495,4.051844847363295,random_forest,APURIMAC
2012-05-14,7.24245818687474,4.590754403936745,random_forest,APURIMAC
2012-05-21,5.552551276603968,5.274432639550161,random_forest,APURIMAC
2012-05-28,4.345474912124847,5.643378411621889,random_forest,APURIMAC
2012-06-04,5.311136003708145,5.317864425713927,random_forest,APURIMAC
2012-06-11,5.793966549499795,5.505648686120804,random_forest,APURIMAC
2012-06-18,7.2424581868747415,5.907109872952272,random_forest,APURIMAC
2012-06-25,3.8626443663331984,6.218077440059604,random_forest,APURIMAC
2012-07-02,2.8969832747499003,4.506419836729257,random_forest,APURIMAC
2012-07-09,1.2070763644791291,3.397782310029161,random_forest,APURIMAC
2012-07-16,1.9313221831666025,2.4873641233654498,random_forest,APURIMAC
2012-07-23,1.6899069102707782,2.5569317789361548,random_forest,APURIMAC
2012-07-30,1.9313221831666025,2.493737318603434,random_forest,APURIMAC
2012-08-06,0.9656610915833045,2.2540642603105954,random_forest,APURIMAC
2012-08-13,2.4141527289582516,2.181245463359006,random_forest,APURIMAC
2012-08-20,2.8969832747499003,2.2551730088011768,random_forest,APURIMAC
2012-08-27,2.4141527289582516,2.3746920969269,random_forest,APURIMAC
2012-09-03,1.4484916373749537,2.242325788777847,random_forest,APURIMAC
2012-09-10,0.9656610915833048,1.9432648696339347,random_forest,APURIMAC
2012-09-17,0.9656610915833048,2.0555064919209514,random_forest,APURIMAC
2012-09-24,0.7242458186874803,1.659390173815758,random_forest,APURIMAC
2012-10-01,0.2414152728958313,1.1055370479788573,random_forest,APURIMAC
2012-10-08,0.2414152728958313,1.2298365054600247,random_forest,APURIMAC
2012-10-15,1.6899069102707782,1.1840930184361111,random_forest,APURIMAC
2012-10-22,2.655568001854076,1.344654393255484,random_forest,APURIMAC
2012-10-29,2.8969832747499003,1.6518131614650815,random_forest,APURIMAC
2012-11-05,1.4484916373749537,1.9198591402510305,random_forest,APURIMAC
2012-11-12,0.4828305457916558,1.2530822610321648,random_forest,APURIMAC
2012-11-19,2.8969832747499003,1.02790862438931,random_forest,APURIMAC
2012-11-26,2.655568001854076,2.1382228427036405,random_forest,APURIMAC
2012-12-03,3.6212290934373743,2.0546612607947705,random_forest,APURIMAC
2012-12-10,1.2070763644791294,2.9001611023942315,random_forest,APURIMAC
2012-12-17,1.6899069102707784,2.2285062205532022,random_forest,APURIMAC
2012-12-24,1.4484916373749537,2.0182790163147963,random_forest,APURIMAC
2012-12-31,1.9313221831666028,1.7106161538799882,random_forest,APURIMAC
2013-01-07,2.409496464021696,1.7075109393051875,random_forest,APURIMAC
2013-01-14,2.4060042653192784,1.911441720785159,random_forest,APURIMAC
2013-01-21,1.681758446631805,2.1815967108780923,random_forest,APURIMAC
2013-01-28,0.7207536199850632,2.076657299559547,random_forest,APURIMAC
2013-02-04,0.0,1.2627735992435731,random_forest,APURIMAC
2013-02-11,0.0,1.2281386505007537,random_forest,APURIMAC
2013-02-18,0.24025120666169228,1.1383755505926243,random_forest,APURIMAC
2013-02-25,0.24025120666169228,1.0017635740772897,random_forest,APURIMAC
2013-03-04,0.24025120666169228,1.1792997641589693,random_forest,APURIMAC
2013-03-11,0.48050241332337773,1.197286225148297,random_forest,APURIMAC
2013-03-18,0.7207536199850632,0.7120339463017067,random_forest,APURIMAC
2013-03-25,0.9610048266467487,0.8196981093080871,random_forest,APURIMAC
2013-04-01,0.7207536199850564,1.0641778750902544,random_forest,APURIMAC
2013-04-08,1.4415072399701196,1.0859875905273757,random_forest,APURIMAC
2013-04-15,2.8830144799402326,1.1603625957791364,random_forest,APURIMAC
2013-04-22,3.8440193065869743,2.4582413932267237,random_forest,APURIMAC
2013-04-29,3.363516893263603,3.2173314948489837,random_forest,APURIMAC
2013-05-06,2.4025120666168616,3.4333410505433273,random_forest,APURIMAC
2013-05-13,2.162260859955176,2.4354792043730047,random_forest,APURIMAC
2013-05-20,5.285526546557087,2.2651770527975303,random_forest,APURIMAC
2013-05-27,6.7270337865272,3.86373857403105,random_forest,APURIMAC
2013-06-03,6.967284993188886,5.080804543246993,random_forest,APURIMAC
2013-06-10,4.324521719910345,5.6014820421859275,random_forest,APURIMAC
2013-06-17,4.56477292657203,5.126100143807308,random_forest,APURIMAC
2013-06-24,6.006280166542143,4.683449426782479,random_forest,APURIMAC
2013-07-01,5.525777753218772,5.321162380689952,random_forest,APURIMAC
2013-07-08,3.8440193065869743,4.941179708845744,random_forest,APURIMAC
2013-07-15,3.6037680999252886,3.3621384093739515,random_forest,APURIMAC
2013-07-22,3.8440193065869743,2.842063428116321,random_forest,APURIMAC
2013-07-29,4.0842705132486605,2.820598057345293,random_forest,APURIMAC
2013-08-05,2.6427632732785473,3.4183958850325684,random_forest,APURIMAC
2013-08-12,2.1622608599551763,2.4799194342902084,random_forest,APURIMAC
2013-08-19,1.4415072399701199,2.220643481869343,random_forest,APURIMAC
2013-08-26,0.7207536199850564,2.007523296627317,random_forest,APURIMAC
2013-09-02,0.9610048266467489,1.7176068745080375,random_forest,APURIMAC
2013-09-09,0.7207536199850635,1.686276792778668,random_forest,APURIMAC
2013-09-16,0.480502413323378,1.3091938587365308,random_forest,APURIMAC
2013-09-23,0.24025120666169256,1.2826106388148015,random_forest,APURIMAC
2013-09-30,0.480502413323378,0.6475205300105791,random_forest,APURIMAC
2013-10-07,0.480502413323378,0.5872228542253592,random_forest,APURIMAC
2013-10-14,0.24025120666169256,0.7312153411585574,random_forest,APURIMAC
2013-10-21,0.24025120666169256,0.7163537140269569,random_forest,APURIMAC
2013-10-28,0.24025120666169256,0.5613922239791076,random_forest,APURIMAC
2013-11-04,0.480502413323378,0.6894607548080602,random_forest,APURIMAC
2013-11-11,0.7207536199850635,0.7281288192082023,random_forest,APURIMAC
2013-11-18,0.7207536199850635,0.9244964799305708,random_forest,APURIMAC
2013-11-25,1.4415072399701199,0.7494292669237035,random_forest,APURIMAC
2013-12-02,1.2012560333084343,1.1819208941603305,random_forest,APURIMAC
2013-12-09,1.2012560333084343,1.1314416760796786,random_forest,APURIMAC
2013-12-16,1.2012560333084343,1.2330912940971799,random_forest,APURIMAC
2013-12-23,2.1622608599551763,1.2454350694005925,random_forest,APURIMAC
2013-12-30,2.8830144799402326,1.6317296351078685,random_forest,APURIMAC
2014-01-06,2.1611079657376018,2.34262144755186,random_forest,APURIMAC
2014-01-13,0.9598519324291743,2.0338507933170993,random_forest,APURIMAC
2014-01-20,0.4781966248882286,1.2815863377389154,random_forest,APURIMAC
2014-01-27,0.23909831244411786,1.2509396579434102,random_forest,APURIMAC
2014-02-03,0.4781966248882286,0.8426484759734101,random_forest,APURIMAC
2014-02-10,0.4781966248882286,0.765191440980244,random_forest,APURIMAC
2014-02-17,0.4781966248882286,0.6111975123390028,random_forest,APURIMAC
2014-02-24,0.4781966248882286,0.6878270531808295,random_forest,APURIMAC
2014-03-03,0.7172949373323393,0.6071843461270907,random_forest,APURIMAC
2014-03-10,1.4345898746646715,0.6691887763940438,random_forest,APURIMAC
2014-03-17,2.3909831244411146,1.1142556903159395,random_forest,APURIMAC
2014-03-24,2.151884811997004,1.8130750208212372,random_forest,APURIMAC
2014-03-31,1.434589874664672,1.9524155705385087,random_forest,APURIMAC
2014-04-07,0.23909831244411786,1.781676921861031,random_forest,APURIMAC
2014-04-14,0.23909831244411786,1.2222612191051905,random_forest,APURIMAC
2014-04-21,0.23909831244411786,1.0952268141167245,random_forest,APURIMAC
2014-04-28,0.23909831244411786,0.9906817545371043,random_forest,APURIMAC
2014-05-05,0.23909831244411786,0.8573176000597467,random_forest,APURIMAC
2014-05-12,1.6736881871087823,0.4621432434619579,random_forest,APURIMAC
2014-05-19,1.6736881871087823,1.2479597886081852,random_forest,APURIMAC
2014-05-26,1.6736881871087823,1.5723007939354283,random_forest,APURIMAC
2014-06-02,0.4781966248882286,1.8402806687324293,random_forest,APURIMAC
2014-06-09,0.4781966248882286,0.8984667325438873,random_forest,APURIMAC
2014-06-16,0.23909831244411786,0.8298829462320085,random_forest,APURIMAC
2014-06-23,0.7172949373323393,0.8595353292680088,random_forest,APURIMAC
2014-06-30,1.6736881871087823,0.9689235245708807,random_forest,APURIMAC
2014-07-07,2.869179749329336,1.4067928061366084,random_forest,APURIMAC
2014-07-14,3.108278061773447,1.7738203549166451,random_forest,APURIMAC
2014-07-21,2.6300814368852254,2.2988637117280915,random_forest,APURIMAC
2014-07-28,1.4345898746646715,2.4676967855993914,random_forest,APURIMAC
2014-08-04,0.7172949373323393,1.4714109657853576,random_forest,APURIMAC
2014-08-11,0.23909831244411786,1.1771950498424433,random_forest,APURIMAC
2014-08-18,0.7172949373323393,0.7930292670703325,random_forest,APURIMAC
2014-08-25,0.4781966248882286,0.8089376153923289,random_forest,APURIMAC
2014-09-01,0.4781966248882286,0.6215713165658179,random_forest,APURIMAC
2014-09-08,0.4781966248882286,0.5914033901680813,random_forest,APURIMAC
2014-09-15,0.9563932497764501,0.7553289562033443,random_forest,APURIMAC
2014-09-22,1.195491562220561,0.8011371374309619,random_forest,APURIMAC
2014-09-29,1.195491562220561,1.0158064775617537,random_forest,APURIMAC
2014-10-06,0.7172949373323393,1.058781099755056,random_forest,APURIMAC
2014-10-13,0.4781966248882286,0.8512005979719477,random_forest,APURIMAC
2014-10-20,0.4781966248882286,0.7504455565717214,random_forest,APURIMAC
2014-10-27,0.9563932497764501,0.706963475718845,random_forest,APURIMAC
2014-11-03,1.9127864995528931,0.893307525746424,random_forest,APURIMAC
2014-11-10,1.9127864995528931,1.5343304831601423,random_forest,APURIMAC
2014-11-17,2.1518848119970038,1.5705098348377793,random_forest,APURIMAC
2014-11-24,2.1518848119970038,1.6691508545516975,random_forest,APURIMAC
2014-12-01,1.912786499552893,1.5164724353729335,random_forest,APURIMAC
2014-12-08,1.195491562220561,1.4922587174121906,random_forest,APURIMAC
2014-12-15,1.6736881871087823,1.0246664617087533,random_forest,APURIMAC
2014-12-22,2.1518848119970038,1.4610369385853108,random_forest,APURIMAC
2014-12-29,2.1518848119970038,1.6491734375104072,random_forest,APURIMAC
2015-01-05,0.7172949373323393,1.6082511736950305,random_forest,APURIMAC
2015-01-12,0.23795643017764156,0.8979908911916452,random_forest,APURIMAC
2015-01-19,0.7138692905329105,0.5569498963869335,random_forest,APURIMAC
2015-01-26,2.1416078715987177,0.6545175418658158,random_forest,APURIMAC
2015-02-02,2.6175207319539866,1.4948388908807169,random_forest,APURIMAC
2015-02-09,2.6175207319539866,1.6330030459405194,random_forest,APURIMAC
2015-02-16,1.6656950112434483,1.8117290666890877,random_forest,APURIMAC
2015-02-23,1.1897821508881794,1.165327741998396,random_forest,APURIMAC
2015-03-02,0.9518257207105449,1.0125912012317588,random_forest,APURIMAC
2015-03-09,1.1897821508881796,0.8871299084690965,random_forest,APURIMAC
2015-03-16,1.1897821508881796,1.0548950977076932,random_forest,APURIMAC
2015-03-23,1.1897821508881796,1.1078519701855094,random_forest,APURIMAC
2015-03-30,0.7138692905329034,1.1606241210173285,random_forest,APURIMAC
2015-04-06,1.903651441421083,0.9712124492975682,random_forest,APURIMAC
2015-04-13,2.1416078715987177,1.745642097885597,random_forest,APURIMAC
2015-04-20,4.283215743197427,1.7813198628512703,random_forest,APURIMAC
2015-04-27,4.045259313019794,2.7513541587553054,random_forest,APURIMAC
2015-05-04,4.759128603552696,3.6124255765586195,random_forest,APURIMAC
2015-05-11,3.093433592309255,4.548943968108454,random_forest,APURIMAC
2015-05-18,2.3795643017763517,4.1171673369319866,random_forest,APURIMAC
2015-05-25,1.6656950112434483,3.0838036092732652,random_forest,APURIMAC
2015-06-01,2.1416078715987172,2.315989072525329,random_forest,APURIMAC
2015-06-08,1.6656950112434483,2.018673774064979,random_forest,APURIMAC
2015-06-15,1.9036514414210828,1.7475485716698875,random_forest,APURIMAC
2015-06-22,0.951825720710545,1.8727378011017288,random_forest,APURIMAC
2015-06-29,1.1897821508881796,1.4201734569432412,random_forest,APURIMAC
2015-07-06,0.9518257207105449,1.1346873777335058,random_forest,APURIMAC
2015-07-13,1.9036514414210828,1.0171052702016596,random_forest,APURIMAC
2015-07-20,2.3795643017763517,1.5938202169407858,random_forest,APURIMAC
2015-07-27,2.6175207319539866,1.7493015626823425,random_forest,APURIMAC
2015-08-03,2.1416078715987106,1.807211736713811,random_forest,APURIMAC
2015-08-10,1.665695011243449,1.7438912751079236,random_forest,APURIMAC
2015-08-17,1.1897821508881796,1.3638767994953076,random_forest,APURIMAC
2015-08-24,0.475912860355276,1.1149149528895808,random_forest,APURIMAC
2015-08-31,0.951825720710545,0.7960571250201747,random_forest,APURIMAC
2015-09-07,0.951825720710545,0.9686574432979336,random_forest,APURIMAC
2015-09-14,1.1897821508881796,0.8832887441157415,random_forest,APURIMAC
2015-09-21,1.1897821508881796,0.868135968702267,random_forest,APURIMAC
2015-09-28,1.1897821508881796,0.9738707215492903,random_forest,APURIMAC
2015-10-05,1.6656950112434485,0.9232049075624684,random_forest,APURIMAC
2015-10-12,1.4277385810658139,1.177264139148543,random_forest,APURIMAC
2015-10-19,1.1897821508881796,1.0080255178601103,random_forest,APURIMAC
2015-10-26,0.475912860355276,1.1726936281566434,random_forest,APURIMAC
2015-11-02,0.23795643017764156,0.8815295161734389,random_forest,APURIMAC
2015-11-09,0.23795643017764156,0.7535751159035808,random_forest,APURIMAC
2015-11-16,0.475912860355276,0.7610331727363653,random_forest,APURIMAC
2015-11-23,0.23795643017764156,0.631025596332222,random_forest,APURIMAC
2015-11-30,0.951825720710545,0.6566055872895304,random_forest,APURIMAC
2015-12-07,0.951825720710545,0.9589109474432926,random_forest,APURIMAC
2015-12-14,0.951825720710545,1.0516507428951538,random_forest,APURIMAC
2015-12-21,0.475912860355276,1.08493928178692,random_forest,APURIMAC
2015-12-28,0.23795643017764156,0.783919801228488,random_forest,APURIMAC
2016-01-04,0.23795643017764156,0.8145835235206096,random_forest,APURIMAC
2016-01-11,0.0,0.7908817483653245,random_forest,APURIMAC
2016-01-18,0.47365080568002754,0.5099358330999024,random_forest,APURIMAC
2016-01-25,0.47365080568002754,0.6018845166127444,random_forest,APURIMAC
2016-02-01,0.947301611360048,0.6443017766107604,random_forest,APURIMAC
2016-02-08,1.4209524170400687,0.8423505697374709,random_forest,APURIMAC
2016-02-15,1.4209524170400687,1.216129776930993,random_forest,APURIMAC
2016-02-22,1.1841270142000582,1.2028996160729202,random_forest,APURIMAC
2016-02-29,0.47365080568002754,1.1874104726429562,random_forest,APURIMAC
2016-03-07,0.7104762085200307,0.7319674722220322,random_forest,APURIMAC
2016-03-14,0.47365080568002754,0.9028408100938479,random_forest,APURIMAC
2016-03-21,0.23682540284001732,0.7765225207706421,random_forest,APURIMAC
2016-03-28,0.23682540284001732,0.7129049994539374,random_forest,APURIMAC
2016-04-04,0.47365080568002754,0.646013411848591,random_forest,APURIMAC
2016-04-11,1.1841270142000584,0.551431865908111,random_forest,APURIMAC
2016-04-18,0.947301611360048,0.9564773431944529,random_forest,APURIMAC
2016-04-25,1.1841270142000584,0.9823588353876516,random_forest,APURIMAC
2016-05-02,1.4209524170400687,1.202938518104764,random_forest,APURIMAC
2016-05-09,1.8946032227200889,1.3309215356061523,random_forest,APURIMAC
2016-05-16,2.1314286255600994,1.6687566102842935,random_forest,APURIMAC
2016-05-23,1.4209524170400687,1.85423198513248,random_forest,APURIMAC
2016-05-30,3.5523810426001603,1.1967401989049953,random_forest,APURIMAC
2016-06-06,4.026031848280181,2.055883223197991,random_forest,APURIMAC
2016-06-13,4.499682653960201,2.87215087384451,random_forest,APURIMAC
2016-06-20,2.60507943124012,3.3062921826901723,random_forest,APURIMAC
2016-06-27,2.3682540284001097,2.804307436681853,random_forest,APURIMAC
2016-07-04,2.60507943124012,2.075552707767399,random_forest,APURIMAC
2016-07-11,3.0787302369201406,2.200688461573422,random_forest,APURIMAC
2016-07-18,2.8419048340801303,2.2675562502092887,random_forest,APURIMAC
2016-07-25,3.315555639760151,2.3399364866891426,random_forest,APURIMAC
2016-08-01,3.315555639760151,2.5641905204616617,random_forest,APURIMAC
2016-08-08,2.8419048340801303,2.457379488830858,random_forest,APURIMAC
2016-08-15,2.6050794312401195,2.3501344402466158,random_forest,APURIMAC
2016-08-22,1.6577778198800788,2.0721257433674545,random_forest,APURIMAC
2016-08-29,3.5523810426001607,1.4272550478954282,random_forest,APURIMAC
2016-09-05,2.60507943124012,2.0650314233974525,random_forest,APURIMAC
2016-09-12,2.6050794312401204,1.958333647943511,random_forest,APURIMAC
2016-09-19,1.8946032227200895,1.8600941792497383,random_forest,APURIMAC
2016-09-26,1.6577778198800794,2.0546960771049445,random_forest,APURIMAC
2016-10-03,2.1314286255601,1.487435951882163,random_forest,APURIMAC
2016-10-10,1.4209524170400691,1.6101842614412498,random_forest,APURIMAC
2016-10-17,2.6050794312401204,1.165833699499827,random_forest,APURIMAC
2016-10-24,2.1314286255601,1.852209558363028,random_forest,APURIMAC
2016-10-31,2.3682540284001097,1.6800579491374452,random_forest,APURIMAC
2016-11-07,1.8946032227200895,1.7750197718198812,random_forest,APURIMAC
2016-11-14,2.1314286255601,1.526149601228397,random_forest,APURIMAC
2016-11-21,1.4209524170400691,1.9528065398837882,random_forest,APURIMAC
2016-11-28,1.1841270142000588,1.5623508657278458,random_forest,APURIMAC
2016-12-05,1.1841270142000588,1.0993490227991605,random_forest,APURIMAC
2016-12-12,0.9473016113600486,1.0923603199254748,random_forest,APURIMAC
2016-12-19,0.9473016113600486,1.053327515712596,random_forest,APURIMAC
2016-12-26,0.47365080568002815,1.0181893671541928,random_forest,APURIMAC
2017-01-02,0.9450609584404882,0.7266027802881407,random_forest,APURIMAC
2017-01-09,0.9428203055209278,0.910603423934683,random_forest,APURIMAC
2017-01-16,0.9428203055209278,0.8982313240583808,random_forest,APURIMAC
2017-01-23,0.7071152291406978,0.9404314899709629,random_forest,APURIMAC
2017-01-30,1.1785253819011576,0.7568865406025262,random_forest,APURIMAC
2017-02-06,1.1785253819011579,0.9406145139261901,random_forest,APURIMAC
2017-02-13,1.4142304582813878,1.1234325007244563,random_forest,APURIMAC
2017-02-20,0.9428203055209279,1.470409038440191,random_forest,APURIMAC
2017-02-27,2.357050763802308,1.0206405267706673,random_forest,APURIMAC
2017-03-06,2.828460916562768,1.8753917324392453,random_forest,APURIMAC
2017-03-13,3.2998710693232276,2.1230145936010865,random_forest,APURIMAC
2017-03-20,2.3570507638023077,2.2544673741846033,random_forest,APURIMAC
2017-03-27,2.1213456874220777,2.1923506240443,random_forest,APURIMAC
2017-04-03,1.8856406110418478,2.0562013344475365,random_forest,APURIMAC
2017-04-10,2.12134568742207,1.9061208079525502,random_forest,APURIMAC
2017-04-17,2.5927558401825377,1.8949713578972323,random_forest,APURIMAC
2017-04-24,3.5355761457034576,2.2575072857916125,random_forest,APURIMAC
2017-05-01,3.2998710693232276,2.4505272341638364,random_forest,APURIMAC
2017-05-08,2.828460916562767,2.818101856139364,random_forest,APURIMAC
2017-05-15,1.4142304582813878,2.7317785057620045,random_forest,APURIMAC
2017-05-22,1.1785253819011576,2.3079161049454586,random_forest,APURIMAC
2017-05-29,2.1213456874220777,1.7350075176880875,random_forest,APURIMAC
2017-06-05,3.2998710693232276,1.8792301280865842,random_forest,APURIMAC
2017-06-12,3.771281222083688,2.4829006370058897,random_forest,APURIMAC
2017-06-19,2.828460916562768,2.9316006904701397,random_forest,APURIMAC
2017-06-26,1.8856406110418478,2.5334436888048475,random_forest,APURIMAC
2017-07-03,1.649935534661618,2.302692447943794,random_forest,APURIMAC
2017-07-10,1.1785253819011576,2.1586821857721015,random_forest,APURIMAC
2017-07-17,1.1785253819011579,1.652146013339146,random_forest,APURIMAC
2017-07-24,0.9428203055209278,1.566625067490842,random_forest,APURIMAC
2017-07-31,0.7071152291406978,1.234922109197616,random_forest,APURIMAC
2017-08-07,0.7071152291406978,1.0401983606292107,random_forest,APURIMAC
2017-08-14,0.7071152291406978,0.979157817415309,random_forest,APURIMAC
2017-08-21,0.7071152291406978,0.9787520743271181,random_forest,APURIMAC
2017-08-28,0.23570507638023772,0.8404367038301626,random_forest,APURIMAC
2017-09-04,0.0,0.5226249751473979,random_forest,APURIMAC
2017-09-11,0.0,0.4407396008923784,random_forest,APURIMAC
2017-09-18,0.0,0.4896957008373338,random_forest,APURIMAC
2017-09-25,0.23570507638023772,0.4801162610389129,random_forest,APURIMAC
2017-10-02,0.23570507638023772,0.497699062470317,random_forest,APURIMAC
2017-10-09,0.23570507638023772,0.49543223252768714,random_forest,APURIMAC
2017-10-16,0.23570507638023772,0.5034536521834729,random_forest,APURIMAC
2017-10-23,0.7071152291406978,0.42514529617301117,random_forest,APURIMAC
2017-10-30,1.4142304582813878,0.5656121593622425,random_forest,APURIMAC
2017-11-06,1.649935534661618,1.121564222118712,random_forest,APURIMAC
2017-11-13,1.649935534661618,1.3994367097068978,random_forest,APURIMAC
2017-11-20,0.9428203055209278,1.435023915965747,random_forest,APURIMAC
2017-11-27,0.4714101527604677,1.092936354883665,random_forest,APURIMAC
2017-12-04,0.7071152291406978,0.6564540059973238,random_forest,APURIMAC
2017-12-11,1.8856406110418478,0.7081886829076269,random_forest,APURIMAC
2017-12-18,2.5927558401825377,1.5559697028565722,random_forest,APURIMAC
2017-12-25,2.1213456874220777,2.0209699954725044,random_forest,APURIMAC
2018-01-01,1.1779202582658372,1.8167533042981865,random_forest,APURIMAC
2018-01-08,0.47080502912514716,0.9935148318623239,random_forest,APURIMAC
2018-01-15,0.23509995274491716,0.5780709293720749,random_forest,APURIMAC
2018-01-22,0.9403998109796455,0.5080443769901111,random_forest,APURIMAC
2018-01-29,1.175499763724555,0.9310242954360777,random_forest,APURIMAC
2018-02-05,1.645699669214374,1.0646890444052284,random_forest,APURIMAC
2018-02-12,0.7052998582347362,1.4825006958208076,random_forest,APURIMAC
2018-02-19,0.4701999054898267,0.9406056214593923,random_forest,APURIMAC
2018-02-26,0.7052998582347362,0.6096938810872152,random_forest,APURIMAC
2018-03-05,1.175499763724555,0.7775354812229511,random_forest,APURIMAC
2018-03-12,1.4105997164694646,1.112329713585992,random_forest,APURIMAC
2018-03-19,1.175499763724555,1.3051675227280688,random_forest,APURIMAC
2018-03-26,1.175499763724555,1.2187638766107445,random_forest,APURIMAC
2018-04-02,0.9403998109796454,1.201424475004249,random_forest,APURIMAC
2018-04-09,0.47019990548982665,1.1424831721845328,random_forest,APURIMAC
2018-04-16,0.47019990548982665,0.7904762668961378,random_forest,APURIMAC
2018-04-23,1.175499763724555,0.6422997618532411,random_forest,APURIMAC
2018-04-30,1.8807996219592835,1.0801706888429279,random_forest,APURIMAC
2018-05-07,2.1158995747041853,1.8568626423371972,random_forest,APURIMAC
2018-05-14,2.3509995274491025,2.0058252288790728,random_forest,APURIMAC
2018-05-21,3.2913993384287408,2.1590626022563613,random_forest,APURIMAC
2018-05-28,4.231799149408379,2.394759287676349,random_forest,APURIMAC
2018-06-04,4.466899102153288,2.8931525384859116,random_forest,APURIMAC
2018-06-11,4.466899102153288,3.157955211757246,random_forest,APURIMAC
2018-06-18,4.231799149408379,3.3150482767483584,random_forest,APURIMAC
2018-06-25,3.056299385683831,3.315659483265886,random_forest,APURIMAC
2018-07-02,1.4105997164694646,2.9845199995288616,random_forest,APURIMAC
2018-07-09,0.7052998582347362,1.785503056579267,random_forest,APURIMAC
2018-07-16,3.056299385683831,1.203784944794167,random_forest,APURIMAC
2018-07-23,3.056299385683831,1.9528042672930095,random_forest,APURIMAC
2018-07-30,4.9370990076431065,2.3386530970317363,random_forest,APURIMAC
2018-08-06,3.761599243918559,2.552292522108781,random_forest,APURIMAC
2018-08-13,4.9370990076431065,2.5408435880839852,random_forest,APURIMAC
2018-08-20,2.8211994329389216,2.571045073822761,random_forest,APURIMAC
2018-08-27,2.586099480194012,2.662975634719472,random_forest,APURIMAC
2018-09-03,2.3509995274491025,2.2730171683459743,random_forest,APURIMAC
2018-09-10,1.8807996219592837,2.154865748992544,random_forest,APURIMAC
2018-09-17,2.115899574704193,2.1009193544758618,random_forest,APURIMAC
2018-09-24,1.4105997164694646,2.087353478562684,random_forest,APURIMAC
2018-10-01,1.4105997164694646,1.7332864028939294,random_forest,APURIMAC
2018-10-08,0.7052998582347362,1.6334245372823992,random_forest,APURIMAC
2018-10-15,1.1754997637245552,1.0932161213798661,random_forest,APURIMAC
2018-10-22,2.3509995274491025,1.1375812264876797,random_forest,APURIMAC
2018-10-29,2.1158995747041933,1.8213149573598648,random_forest,APURIMAC
2018-11-05,2.115899574704193,1.9539222705469812,random_forest,APURIMAC
2018-11-12,0.9403998109796455,1.6920835415675644,random_forest,APURIMAC
2018-11-19,1.4105997164694646,1.0428639752750701,random_forest,APURIMAC
2018-11-26,0.9403998109796455,1.2243721821494042,random_forest,APURIMAC
2018-12-03,2.586099480194012,1.070462511791865,random_forest,APURIMAC
2018-12-10,2.115899574704193,1.8029565294572816,random_forest,APURIMAC
2018-12-17,1.8807996219592835,1.5822083203127857,random_forest,APURIMAC
2018-12-24,0.4701999054898263,1.6149088120881276,random_forest,APURIMAC
2018-12-31,0.4701999054898263,0.7307943624103885,random_forest,APURIMAC
2019-01-07,0.9391957619114347,0.777567600401325,random_forest,APURIMAC
2019-01-14,0.9385937373773295,1.011941988553227,random_forest,APURIMAC
2019-01-21,0.70349378463242,1.051455509735411,random_forest,APURIMAC
2019-01-28,0.23449792821081164,0.937148806852832,random_forest,APURIMAC
2019-02-04,0.0,0.6863412346376847,random_forest,APURIMAC
2019-02-11,0.0,0.5116370901475733,random_forest,APURIMAC
2019-02-18,0.0,0.3502770702164439,random_forest,APURIMAC
2019-02-25,0.23449792821081164,0.3513818995451724,random_forest,APURIMAC
2019-03-04,0.23449792821081164,0.3306444864948731,random_forest,APURIMAC
2019-03-11,0.4689958564216159,0.24796751889766203,random_forest,APURIMAC
2019-03-18,0.4689958564216159,0.5092048079666436,random_forest,APURIMAC
2019-03-25,0.4689958564216159,0.6694693341183564,random_forest,APURIMAC
2019-04-01,0.4689958564216159,0.6332294673614458,random_forest,APURIMAC
2019-04-08,1.4069875692648328,0.6205782891156817,random_forest,APURIMAC
2019-04-15,1.8759834256864416,1.0542543064404235,random_forest,APURIMAC
2019-04-22,2.5794772103188546,1.440936802886342,random_forest,APURIMAC
2019-04-29,2.3449792821080497,1.6317827001103304,random_forest,APURIMAC
2019-05-06,2.3449792821080497,1.9320303793591829,random_forest,APURIMAC
2019-05-13,1.6414854974756372,2.041749812620041,random_forest,APURIMAC
2019-05-20,1.1724896410540286,1.5025542145615791,random_forest,APURIMAC
2019-05-27,2.3449792821080497,1.283238965620915,random_forest,APURIMAC
2019-06-03,3.7519668513728757,2.0619473048962504,random_forest,APURIMAC
2019-06-10,4.220962707794484,2.8870204501941434,random_forest,APURIMAC
2019-06-17,3.9864647795836796,3.0547814516267406,random_forest,APURIMAC
2019-06-24,2.579477210318854,2.751019130887419,random_forest,APURIMAC
2019-07-01,2.579477210318854,2.273680384170811,random_forest,APURIMAC
2019-07-08,1.641485497475637,2.300812156931643,random_forest,APURIMAC
2019-07-15,3.048473066740463,1.888062318079189,random_forest,APURIMAC
2019-07-22,2.3449792821080497,2.5304952078281993,random_forest,APURIMAC
2019-07-29,2.3449792821080497,2.512894144772529,random_forest,APURIMAC
2019-08-05,1.641485497475637,2.501130618060245,random_forest,APURIMAC
2019-08-12,2.579477210318854,2.173436038562846,random_forest,APURIMAC
2019-08-19,2.579477210318854,2.0696982254956358,random_forest,APURIMAC
2019-08-26,2.3449792821080497,2.3013162428400746,random_forest,APURIMAC
2019-09-02,1.641485497475637,2.118408915703551,random_forest,APURIMAC
2019-09-09,1.1724896410540284,1.8625631265351084,random_forest,APURIMAC
2019-09-16,0.4689958564216156,1.3193314236983786,random_forest,APURIMAC
2019-09-23,0.0,0.945701097272839,random_forest,APURIMAC
2019-09-30,0.23449792821081136,0.8753320160295164,random_forest,APURIMAC
2019-10-07,0.23449792821081136,0.6560711258986289,random_forest,APURIMAC
2019-10-14,0.23449792821081136,0.4198860938074404,random_forest,APURIMAC
2019-10-21,0.0,0.2943661498446463,random_forest,APURIMAC
2019-10-28,0.0,0.30987640307745196,random_forest,APURIMAC
2019-11-04,0.23449792821081136,0.2960355701068463,random_forest,APURIMAC
2019-11-11,0.23449792821081136,0.35896298171034285,random_forest,APURIMAC
2019-11-18,0.7034937846324198,0.3404368350566819,random_forest,APURIMAC
2019-11-25,0.4689958564216156,0.53974359796983,random_forest,APURIMAC
2019-12-02,0.7034937846324198,0.562310073757214,random_forest,APURIMAC
2019-12-09,0.23449792821081136,0.767761683255128,random_forest,APURIMAC
2019-12-16,0.23449792821081136,0.569110274212441,random_forest,APURIMAC
2019-12-23,0.4689958564216156,0.5171115133912239,random_forest,APURIMAC
2019-12-30,0.9379917128432241,0.5008526509542048,random_forest,APURIMAC
2020-01-06,1.8735876289670503,0.7965951823472368,random_forest,APURIMAC
2020-01-13,1.4045917725454418,1.5046044361991409,random_forest,APURIMAC
2020-01-20,0.9355959161238333,1.203805312002145,random_forest,APURIMAC
2020-01-27,0.4677979580619202,1.1576531010687283,random_forest,APURIMAC
2020-02-03,1.4033938741857463,0.8017715054047463,random_forest,APURIMAC
2020-02-10,2.105090811278616,1.1061583769603254,random_forest,APURIMAC
2020-02-17,2.105090811278616,1.6871971145639422,random_forest,APURIMAC
2020-02-24,1.4033938741857463,1.7452593209805793,random_forest,APURIMAC
2020-03-02,1.1694948951547899,1.2972783267963783,random_forest,APURIMAC
2020-03-09,0.9355959161238333,1.3643672955669448,random_forest,APURIMAC
2020-03-16,1.4033938741857463,1.2630265529503388,random_forest,APURIMAC
2020-03-23,0.9355959161238333,1.284138651650542,random_forest,APURIMAC
2020-03-30,1.1694948951547899,1.1880013170959378,random_forest,APURIMAC
2020-04-06,0.7016969370928767,1.078212241389732,random_forest,APURIMAC
2020-04-13,0.7016969370928767,0.9115715233928814,random_forest,APURIMAC
2020-04-20,0.23389897903096366,0.8461253356715963,random_forest,APURIMAC
2020-04-27,0.23389897903096366,0.6491907356886957,random_forest,APURIMAC
2020-05-04,0.4677979580619202,0.43803617723573907,random_forest,APURIMAC
2020-05-11,0.4677979580619202,0.5440042099095992,random_forest,APURIMAC
2020-05-18,0.23389897903096366,0.65577414460705,random_forest,APURIMAC
2020-05-25,0.0,0.5830514202189987,random_forest,APURIMAC
2020-06-01,0.0,0.3985648258660703,random_forest,APURIMAC
2020-06-08,0.0,0.34273270604189565,random_forest,APURIMAC
2020-06-15,0.0,0.4999093398282977,random_forest,APURIMAC
2020-06-22,0.0,0.48819172427566265,random_forest,APURIMAC
2020-06-29,0.0,0.2342591438573469,random_forest,APURIMAC
2020-07-06,0.0,0.30213003821332873,random_forest,APURIMAC
2020-07-13,0.0,0.2805946409181873,random_forest,APURIMAC
2020-07-20,0.0,0.31004426904921845,random_forest,APURIMAC
2020-07-27,0.23389897903096366,0.06796557093845443,random_forest,APURIMAC
2020-08-03,0.23389897903096366,0.18106891761207333,random_forest,APURIMAC
2020-08-10,0.4677979580619202,0.19979043909476596,random_forest,APURIMAC
2020-08-17,0.23389897903096366,0.3067591556511197,random_forest,APURIMAC
2020-08-24,0.23389897903096366,0.32419798068335354,random_forest,APURIMAC
2020-08-31,0.0,0.28895075093227196,random_forest,APURIMAC
2020-09-07,0.0,0.31458024216858843,random_forest,APURIMAC
2020-09-14,0.0,0.28790010748661765,random_forest,APURIMAC
2020-09-21,0.0,0.15888735330387518,random_forest,APURIMAC
2020-09-28,0.0,0.17302654038585283,random_forest,APURIMAC
2020-10-05,0.0,0.15725168312701454,random_forest,APURIMAC
2020-10-12,0.0,0.18601952271081787,random_forest,APURIMAC
2020-10-19,0.0,0.07161605481765682,random_forest,APURIMAC
2020-10-26,0.0,0.10316429885690598,random_forest,APURIMAC
2020-11-02,0.0,0.11242860347710755,random_forest,APURIMAC
2020-11-09,0.0,0.11730835044126266,random_forest,APURIMAC
2020-11-16,0.23389897903096366,0.07252246274113426,random_forest,APURIMAC
2020-11-23,0.23389897903096366,0.13056712652758254,random_forest,APURIMAC
2020-11-30,0.23389897903096366,0.21311433032515092,random_forest,APURIMAC
2020-12-07,0.0,0.16968171783046013,random_forest,APURIMAC
2020-12-14,0.0,0.11066129141366456,random_forest,APURIMAC
2020-12-21,0.0,0.12151184351455292,random_forest,APURIMAC
2020-12-28,0.0,0.12659554587974767,random_forest,APURIMAC
2021-01-04,0.0,0.13161594167650453,random_forest,APURIMAC
2021-01-11,0.0,0.08653096292150794,random_forest,APURIMAC
2021-01-18,0.0,0.08839716413443627,random_forest,APURIMAC
2021-01-25,0.46660616340081945,0.09160151139451242,random_forest,APURIMAC
2021-02-01,0.46660616340081945,0.2969727082431374,random_forest,APURIMAC
2021-02-08,0.46660616340081945,0.3954153496109673,random_forest,APURIMAC
2021-02-15,0.0,0.4056460599835761,random_forest,APURIMAC
2021-02-22,0.0,0.2447052109111462,random_forest,APURIMAC
2021-03-01,0.0,0.11000488607523908,random_forest,APURIMAC
2021-03-08,0.46660616340081945,0.07686002582055625,random_forest,APURIMAC
2021-03-15,0.46660616340081945,0.23654252957610852,random_forest,APURIMAC
2021-03-22,0.6999092451012258,0.2939780658953229,random_forest,APURIMAC
2021-03-29,0.23330308170041328,0.4765825432485222,random_forest,APURIMAC
2021-04-05,0.46660616340081945,0.42887389167532963,random_forest,APURIMAC
2021-04-12,0.23330308170041328,0.47549906717577556,random_forest,APURIMAC
2021-04-19,0.23330308170041328,0.3736345524039717,random_forest,APURIMAC
2021-04-26,0.23330308170041328,0.19018819566700867,random_forest,APURIMAC
2021-05-03,0.23330308170041328,0.2250560137114392,random_forest,APURIMAC
2021-05-10,0.23330308170041328,0.20565261216674718,random_forest,APURIMAC
2021-05-17,0.0,0.20492059830379364,random_forest,APURIMAC
2021-05-24,0.0,0.13501334160435982,random_forest,APURIMAC
2021-05-31,0.23330308170041328,0.07512571961726484,random_forest,APURIMAC
2021-06-07,0.23330308170041328,0.10330439968587068,random_forest,APURIMAC
2021-06-14,0.46660616340081945,0.11311987152272784,random_forest,APURIMAC
2021-06-21,0.23330308170041328,0.20565772341637184,random_forest,APURIMAC
2021-06-28,0.23330308170041328,0.22787780225802085,random_forest,APURIMAC
2021-07-05,0.23330308170041328,0.15132239514030207,random_forest,APURIMAC
2021-07-12,0.23330308170041328,0.15831070181171414,random_forest,APURIMAC
2021-07-19,0.23330308170041328,0.1579389897738394,random_forest,APURIMAC
2021-07-26,0.0,0.18689385746315137,random_forest,APURIMAC
2021-08-02,0.0,0.10055671279265647,random_forest,APURIMAC
2021-08-09,0.0,0.11750810751781532,random_forest,APURIMAC
2021-08-16,0.0,0.07931771775949525,random_forest,APURIMAC
2021-08-23,0.23330308170041328,0.03813428583285738,random_forest,APURIMAC
2021-08-30,0.23330308170041328,0.11854891451244581,random_forest,APURIMAC
2021-09-06,0.46660616340081945,0.16839454843403143,random_forest,APURIMAC
2021-09-13,0.23330308170041328,0.21787705715012054,random_forest,APURIMAC
2021-09-20,0.23330308170041328,0.19300337414438778,random_forest,APURIMAC
2021-09-27,0.46660616340081945,0.15727754127550284,random_forest,APURIMAC
2021-10-04,0.9332123268016318,0.21756708737387695,random_forest,APURIMAC
2021-10-11,0.9332123268016318,0.7549743795434161,random_forest,APURIMAC
2021-10-18,0.9332123268016318,0.9776362457325556,random_forest,APURIMAC
2021-10-25,0.46660616340081945,0.9276089047020479,random_forest,APURIMAC
2021-11-01,0.46660616340081945,0.6928658387191882,random_forest,APURIMAC
2021-11-08,0.0,0.579853205241456,random_forest,APURIMAC
2021-11-15,0.0,0.23059620109446313,random_forest,APURIMAC
2021-11-22,0.0,0.17306708054636114,random_forest,APURIMAC
2021-11-29,0.46660616340081945,0.17362614677795293,random_forest,APURIMAC
2021-12-06,1.166515408502038,0.28924139475000804,random_forest,APURIMAC
2021-12-13,2.333030817004069,0.8986101479901105,random_forest,APURIMAC
2021-12-20,1.8664246536032565,1.5447310916039112,random_forest,APURIMAC
2021-12-27,1.3998184902024444,1.4388170468183081,random_forest,APURIMAC
2022-01-03,0.9314320959422452,1.1458969724800236,random_forest,APURIMAC
2022-01-10,0.9314320959422452,1.0489475865490836,random_forest,APURIMAC
2022-01-17,1.3962580284836708,0.9747352818140467,random_forest,APURIMAC
2022-01-24,1.396258028483671,1.0703927404393903,random_forest,APURIMAC
2022-01-31,2.5598063855533906,1.07551366627979,random_forest,APURIMAC
2022-02-07,2.3270967141394467,1.670753428504233,random_forest,APURIMAC
2022-02-14,1.8616773713115586,1.7539137636273927,random_forest,APURIMAC
2022-02-21,0.9308386856557829,1.3971628048497098,random_forest,APURIMAC
2022-02-28,0.6981290142418318,1.2227198312388081,random_forest,APURIMAC
2022-03-07,0.9308386856557829,0.8521401397941968,random_forest,APURIMAC
2022-03-14,0.6981290142418389,1.0672055397882194,random_forest,APURIMAC
2022-03-21,0.930838685655783,0.6724987287520068,random_forest,APURIMAC
2022-03-28,1.6289676998976148,0.8665388196768602,random_forest,APURIMAC
2022-04-04,2.7925160569673344,1.144807373237812,random_forest,APURIMAC
2022-04-11,2.3270967141394467,1.6162802274249066,random_forest,APURIMAC
2022-04-18,1.6289676998976148,1.8089785513399184,random_forest,APURIMAC
2022-04-25,1.163548357069727,1.4653617320726786,random_forest,APURIMAC
2022-05-02,2.3270967141394467,1.374381527096609,random_forest,APURIMAC
2022-05-09,2.0943870427255025,1.9049890928059061,random_forest,APURIMAC
2022-05-16,3.2579353997952225,1.7945070608668248,random_forest,APURIMAC
2022-05-23,4.654193428278886,2.5890797686775313,random_forest,APURIMAC
2022-05-30,5.119612771106774,3.4190047728445014,random_forest,APURIMAC
2022-06-06,3.956064414037055,3.5044033197993274,random_forest,APURIMAC
2022-06-13,2.5598063855533906,3.3971108714375076,random_forest,APURIMAC
2022-06-20,3.2579353997952225,2.67077460044496,random_forest,APURIMAC
2022-06-27,3.956064414037055,2.5482166305945237,random_forest,APURIMAC
2022-07-04,5.119612771106774,2.5565383468417364,random_forest,APURIMAC
2022-07-11,5.352322442520719,2.837450607085579,random_forest,APURIMAC
2022-07-18,6.050451456762549,2.8237566388842965,random_forest,APURIMAC
2022-07-25,5.585032113934662,4.173221047308977,random_forest,APURIMAC
2022-08-01,5.119612771106774,3.934159495076347,random_forest,APURIMAC
2022-08-08,3.72335474262311,3.6927090030148477,random_forest,APURIMAC
2022-08-15,2.094387042725503,3.703437589860771,random_forest,APURIMAC
2022-08-22,1.6289676998976148,2.9696431230581712,random_forest,APURIMAC
2022-08-29,1.396258028483671,2.123022761794944,random_forest,APURIMAC
2022-09-05,1.8616773713115589,1.8008269668858117,random_forest,APURIMAC
2022-09-12,1.163548357069727,1.6992893709029953,random_forest,APURIMAC
2022-09-19,0.6981290142418389,1.305888550232845,random_forest,APURIMAC
2022-09-26,0.23270967141395105,0.8467208908778632,random_forest,APURIMAC
2022-10-03,0.930838685655783,0.6746785177654364,random_forest,APURIMAC
2022-10-10,1.163548357069727,0.9366256592358397,random_forest,APURIMAC
2022-10-17,1.6289676998976148,1.1772421568407858,random_forest,APURIMAC
2022-10-24,1.163548357069727,1.4245195280756984,random_forest,APURIMAC
2022-10-31,0.930838685655783,1.2006563962271373,random_forest,APURIMAC
2022-11-07,0.465419342827895,1.010661626243492,random_forest,APURIMAC
2022-11-14,0.465419342827895,0.808310193869024,random_forest,APURIMAC
2022-11-21,0.465419342827895,0.6833550117455858,random_forest,APURIMAC
2022-11-28,0.23270967141395105,0.5550125269690966,random_forest,APURIMAC
2022-12-05,0.465419342827895,0.3819952142879402,random_forest,APURIMAC
2011-12-26,0.4851813486586008,0.9175630923972704,xgboost,APURIMAC
2012-01-02,0.4840059472251279,0.9955077667588368,xgboost,APURIMAC
2012-01-09,0.7254212201209524,0.9241479737588603,xgboost,APURIMAC
2012-01-16,0.7242458186874735,0.9943131189328629,xgboost,APURIMAC
2012-01-23,0.7242458186874735,0.7101353440752598,xgboost,APURIMAC
2012-01-30,0.4828305457916549,0.7101353440752598,xgboost,APURIMAC
2012-02-06,0.7242458186874794,0.718941830406999,xgboost,APURIMAC
2012-02-13,0.9656610915833039,0.8301798205557256,xgboost,APURIMAC
2012-02-20,1.448491637374947,0.893336567005597,xgboost,APURIMAC
2012-02-27,1.448491637374947,0.8379168857359698,xgboost,APURIMAC
2012-03-05,1.2070763644791285,0.8693084856512105,xgboost,APURIMAC
2012-03-12,1.2070763644791285,0.9332797134501103,xgboost,APURIMAC
2012-03-19,1.4484916373749528,1.3204375053583486,xgboost,APURIMAC
2012-03-26,1.6899069102707776,1.257637461172294,xgboost,APURIMAC
2012-04-02,2.6555680018540753,1.4047124182245745,xgboost,APURIMAC
2012-04-09,2.8969832747499,1.7083195596899987,xgboost,APURIMAC
2012-04-16,3.6212290934373734,2.7579904808159306,xgboost,APURIMAC
2012-04-23,2.8969832747499,3.9466043824428674,xgboost,APURIMAC
2012-04-30,4.345474912124846,3.283943309781108,xgboost,APURIMAC
2012-05-07,4.828305457916495,4.248264614713469,xgboost,APURIMAC
2012-05-14,7.24245818687474,4.960663263979032,xgboost,APURIMAC
2012-05-21,5.552551276603968,6.303070234902958,xgboost,APURIMAC
2012-05-28,4.345474912124847,5.486568739015004,xgboost,APURIMAC
2012-06-04,5.311136003708145,4.896046128834408,xgboost,APURIMAC
2012-06-11,5.793966549499795,5.546959759038317,xgboost,APURIMAC
2012-06-18,7.2424581868747415,5.629697147159079,xgboost,APURIMAC
2012-06-25,3.8626443663331984,6.6038091839149065,xgboost,APURIMAC
2012-07-02,2.8969832747499003,4.071663092069833,xgboost,APURIMAC
2012-07-09,1.2070763644791291,3.1998099818328054,xgboost,APURIMAC
2012-07-16,1.9313221831666025,2.153392149913549,xgboost,APURIMAC
2012-07-23,1.6899069102707782,2.4786287501684905,xgboost,APURIMAC
2012-07-30,1.9313221831666025,2.5596149063460603,xgboost,APURIMAC
2012-08-06,0.9656610915833045,2.2804939425397177,xgboost,APURIMAC
2012-08-13,2.4141527289582516,2.1581408797624135,xgboost,APURIMAC
2012-08-20,2.8969832747499003,2.415759511317313,xgboost,APURIMAC
2012-08-27,2.4141527289582516,2.505044861002929,xgboost,APURIMAC
2012-09-03,1.4484916373749537,2.187063425277753,xgboost,APURIMAC
2012-09-10,0.9656610915833048,1.7756802123747186,xgboost,APURIMAC
2012-09-17,0.9656610915833048,1.7626632994833544,xgboost,APURIMAC
2012-09-24,0.7242458186874803,1.5940125996420367,xgboost,APURIMAC
2012-10-01,0.2414152728958313,0.9846333021030287,xgboost,APURIMAC
2012-10-08,0.2414152728958313,1.2723674985980775,xgboost,APURIMAC
2012-10-15,1.6899069102707782,1.3753293152827966,xgboost,APURIMAC
2012-10-22,2.655568001854076,1.4059958689343017,xgboost,APURIMAC
2012-10-29,2.8969832747499003,2.0199012510907086,xgboost,APURIMAC
2012-11-05,1.4484916373749537,2.152071090271415,xgboost,APURIMAC
2012-11-12,0.4828305457916558,1.1716304477363897,xgboost,APURIMAC
2012-11-19,2.8969832747499003,0.9434407864720726,xgboost,APURIMAC
2012-11-26,2.655568001854076,2.4588627690437073,xgboost,APURIMAC
2012-12-03,3.6212290934373743,2.239951782787621,xgboost,APURIMAC
2012-12-10,1.2070763644791294,3.266261146607908,xgboost,APURIMAC
2012-12-17,1.6899069102707784,1.9221384463923483,xgboost,APURIMAC
2012-12-24,1.4484916373749537,2.152252209941679,xgboost,APURIMAC
2012-12-31,1.9313221831666028,1.4340740603070747,xgboost,APURIMAC
2013-01-07,2.409496464021696,1.8042818465556336,xgboost,APURIMAC
2013-01-14,2.4060042653192784,2.028056890384758,xgboost,APURIMAC
2013-01-21,1.681758446631805,2.1237219118885835,xgboost,APURIMAC
2013-01-28,0.7207536199850632,2.0571978326551577,xgboost,APURIMAC
2013-02-04,0.0,1.1094436880141152,xgboost,APURIMAC
2013-02-11,0.0,1.4110790402147457,xgboost,APURIMAC
2013-02-18,0.24025120666169228,0.9685203212422668,xgboost,APURIMAC
2013-02-25,0.24025120666169228,0.9789399804671188,xgboost,APURIMAC
2013-03-04,0.24025120666169228,1.160912232206082,xgboost,APURIMAC
2013-03-11,0.48050241332337773,1.160912232206082,xgboost,APURIMAC
2013-03-18,0.7207536199850632,0.6933251140052501,xgboost,APURIMAC
2013-03-25,0.9610048266467487,0.8684940753792307,xgboost,APURIMAC
2013-04-01,0.7207536199850564,1.1668850896495493,xgboost,APURIMAC
2013-04-08,1.4415072399701196,0.9809063065074637,xgboost,APURIMAC
2013-04-15,2.8830144799402326,1.3280862539247615,xgboost,APURIMAC
2013-04-22,3.8440193065869743,3.136576810552146,xgboost,APURIMAC
2013-04-29,3.363516893263603,3.8069939755919098,xgboost,APURIMAC
2013-05-06,2.4025120666168616,3.74172001119143,xgboost,APURIMAC
2013-05-13,2.162260859955176,2.542646691239909,xgboost,APURIMAC
2013-05-20,5.285526546557087,2.1740471643107204,xgboost,APURIMAC
2013-05-27,6.7270337865272,4.5534646127027765,xgboost,APURIMAC
2013-06-03,6.967284993188886,5.883397241518359,xgboost,APURIMAC
2013-06-10,4.324521719910345,6.216495881795299,xgboost,APURIMAC
2013-06-17,4.56477292657203,4.046573833419963,xgboost,APURIMAC
2013-06-24,6.006280166542143,4.628368211034877,xgboost,APURIMAC
2013-07-01,5.525777753218772,5.7355311719641335,xgboost,APURIMAC
2013-07-08,3.8440193065869743,5.139992423880675,xgboost,APURIMAC
2013-07-15,3.6037680999252886,3.3497231724211254,xgboost,APURIMAC
2013-07-22,3.8440193065869743,2.9025928618217454,xgboost,APURIMAC
2013-07-29,4.0842705132486605,2.890013018162792,xgboost,APURIMAC
2013-08-05,2.6427632732785473,2.963521951996141,xgboost,APURIMAC
2013-08-12,2.1622608599551763,2.298139169263191,xgboost,APURIMAC
2013-08-19,1.4415072399701199,2.07066710618796,xgboost,APURIMAC
2013-08-26,0.7207536199850564,2.03680539970118,xgboost,APURIMAC
2013-09-02,0.9610048266467489,1.447267183631935,xgboost,APURIMAC
2013-09-09,0.7207536199850635,1.4256475121492214,xgboost,APURIMAC
2013-09-16,0.480502413323378,1.0661536847431923,xgboost,APURIMAC
2013-09-23,0.24025120666169256,1.0881544134716568,xgboost,APURIMAC
2013-09-30,0.480502413323378,0.6138714295643954,xgboost,APURIMAC
2013-10-07,0.480502413323378,0.5790052601655247,xgboost,APURIMAC
2013-10-14,0.24025120666169256,0.6784853749701047,xgboost,APURIMAC
2013-10-21,0.24025120666169256,0.8697809638973544,xgboost,APURIMAC
2013-10-28,0.24025120666169256,0.6224446335245806,xgboost,APURIMAC
2013-11-04,0.480502413323378,0.7134345959687518,xgboost,APURIMAC
2013-11-11,0.7207536199850635,0.8504312724520637,xgboost,APURIMAC
2013-11-18,0.7207536199850635,1.0606409939648773,xgboost,APURIMAC
2013-11-25,1.4415072399701199,0.8052891497874042,xgboost,APURIMAC
2013-12-02,1.2012560333084343,1.1893469665799592,xgboost,APURIMAC
2013-12-09,1.2012560333084343,1.1075370602824033,xgboost,APURIMAC
2013-12-16,1.2012560333084343,1.1704714990731504,xgboost,APURIMAC
2013-12-23,2.1622608599551763,1.2105924893801125,xgboost,APURIMAC
2013-12-30,2.8830144799402326,2.1899438172091186,xgboost,APURIMAC
2014-01-06,2.1611079657376018,2.7832938401558502,xgboost,APURIMAC
2014-01-13,0.9598519324291743,2.173176640745675,xgboost,APURIMAC
2014-01-20,0.4781966248882286,1.1028334886537343,xgboost,APURIMAC
2014-01-27,0.23909831244411786,1.0250373846534373,xgboost,APURIMAC
2014-02-03,0.4781966248882286,0.749805064056003,xgboost,APURIMAC
2014-02-10,0.4781966248882286,0.7556173365437109,xgboost,APURIMAC
2014-02-17,0.4781966248882286,0.6153985135872584,xgboost,APURIMAC
2014-02-24,0.4781966248882286,0.7020876440830526,xgboost,APURIMAC
2014-03-03,0.7172949373323393,0.6299502141753248,xgboost,APURIMAC
2014-03-10,1.4345898746646715,0.7074023885470135,xgboost,APURIMAC
2014-03-17,2.3909831244411146,1.1977533869031571,xgboost,APURIMAC
2014-03-24,2.151884811997004,2.220937957780846,xgboost,APURIMAC
2014-03-31,1.434589874664672,2.111776994792321,xgboost,APURIMAC
2014-04-07,0.23909831244411786,1.7051609572873625,xgboost,APURIMAC
2014-04-14,0.23909831244411786,0.9261281655104936,xgboost,APURIMAC
2014-04-21,0.23909831244411786,0.8670193270219726,xgboost,APURIMAC
2014-04-28,0.23909831244411786,0.7778692758896781,xgboost,APURIMAC
2014-05-05,0.23909831244411786,0.72516276910617,xgboost,APURIMAC
2014-05-12,1.6736881871087823,0.43399361760888017,xgboost,APURIMAC
2014-05-19,1.6736881871087823,1.737616980216584,xgboost,APURIMAC
2014-05-26,1.6736881871087823,1.8220711225032655,xgboost,APURIMAC
2014-06-02,0.4781966248882286,1.923388579349366,xgboost,APURIMAC
2014-06-09,0.4781966248882286,0.65668144600492,xgboost,APURIMAC
2014-06-16,0.23909831244411786,0.6767419872770524,xgboost,APURIMAC
2014-06-23,0.7172949373323393,0.7143479716805503,xgboost,APURIMAC
2014-06-30,1.6736881871087823,0.9330537558202923,xgboost,APURIMAC
2014-07-07,2.869179749329336,1.377550904607865,xgboost,APURIMAC
2014-07-14,3.108278061773447,2.327156512730797,xgboost,APURIMAC
2014-07-21,2.6300814368852254,2.644147334914492,xgboost,APURIMAC
2014-07-28,1.4345898746646715,2.152020739348762,xgboost,APURIMAC
2014-08-04,0.7172949373323393,1.3439207430713553,xgboost,APURIMAC
2014-08-11,0.23909831244411786,1.1226741085557896,xgboost,APURIMAC
2014-08-18,0.7172949373323393,0.6889152777412502,xgboost,APURIMAC
2014-08-25,0.4781966248882286,0.8498782292054179,xgboost,APURIMAC
2014-09-01,0.4781966248882286,0.6934654125753243,xgboost,APURIMAC
2014-09-08,0.4781966248882286,0.6854699386176633,xgboost,APURIMAC
2014-09-15,0.9563932497764501,0.7202782854193517,xgboost,APURIMAC
2014-09-22,1.195491562220561,0.8202143344739237,xgboost,APURIMAC
2014-09-29,1.195491562220561,1.0387229481304256,xgboost,APURIMAC
2014-10-06,0.7172949373323393,1.046723999003495,xgboost,APURIMAC
2014-10-13,0.4781966248882286,0.6727658349492334,xgboost,APURIMAC
2014-10-20,0.4781966248882286,0.7378222503387752,xgboost,APURIMAC
2014-10-27,0.9563932497764501,0.6875507820681124,xgboost,APURIMAC
2014-11-03,1.9127864995528931,1.0268135634836622,xgboost,APURIMAC
2014-11-10,1.9127864995528931,1.6508728957668795,xgboost,APURIMAC
2014-11-17,2.1518848119970038,1.583568089471056,xgboost,APURIMAC
2014-11-24,2.1518848119970038,1.7524878451752972,xgboost,APURIMAC
2014-12-01,1.912786499552893,1.687530133351085,xgboost,APURIMAC
2014-12-08,1.195491562220561,1.5652536718484922,xgboost,APURIMAC
2014-12-15,1.6736881871087823,1.0086016360374455,xgboost,APURIMAC
2014-12-22,2.1518848119970038,1.4489189721402504,xgboost,APURIMAC
2014-12-29,2.1518848119970038,1.7254035930682532,xgboost,APURIMAC
2015-01-05,0.7172949373323393,1.647320023198506,xgboost,APURIMAC
2015-01-12,0.23795643017764156,0.7363360661758802,xgboost,APURIMAC
2015-01-19,0.7138692905329105,0.5959613445754335,xgboost,APURIMAC
2015-01-26,2.1416078715987177,0.6575207025017642,xgboost,APURIMAC
2015-02-02,2.6175207319539866,1.7122572373173797,xgboost,APURIMAC
2015-02-09,2.6175207319539866,1.998089862162728,xgboost,APURIMAC
2015-02-16,1.6656950112434483,2.1743468521765332,xgboost,APURIMAC
2015-02-23,1.1897821508881794,1.3014891134030346,xgboost,APURIMAC
2015-03-02,0.9518257207105449,1.188538567306216,xgboost,APURIMAC
2015-03-09,1.1897821508881796,1.0501331587578617,xgboost,APURIMAC
2015-03-16,1.1897821508881796,1.1856044334220925,xgboost,APURIMAC
2015-03-23,1.1897821508881796,1.2191402717066682,xgboost,APURIMAC
2015-03-30,0.7138692905329034,1.2763124648674595,xgboost,APURIMAC
2015-04-06,1.903651441421083,0.9558744889370989,xgboost,APURIMAC
2015-04-13,2.1416078715987177,1.886097291709036,xgboost,APURIMAC
2015-04-20,4.283215743197427,1.7527424797183029,xgboost,APURIMAC
2015-04-27,4.045259313019794,2.8132234058396812,xgboost,APURIMAC
2015-05-04,4.759128603552696,3.012664312045584,xgboost,APURIMAC
2015-05-11,3.093433592309255,4.563152514310924,xgboost,APURIMAC
2015-05-18,2.3795643017763517,3.7131220630739996,xgboost,APURIMAC
2015-05-25,1.6656950112434483,2.6615427810482952,xgboost,APURIMAC
2015-06-01,2.1416078715987172,1.6549704257342208,xgboost,APURIMAC
2015-06-08,1.6656950112434483,1.9958090875069172,xgboost,APURIMAC
2015-06-15,1.9036514414210828,1.6526640057425457,xgboost,APURIMAC
2015-06-22,0.951825720710545,1.6944266252389788,xgboost,APURIMAC
2015-06-29,1.1897821508881796,1.137759447966832,xgboost,APURIMAC
2015-07-06,0.9518257207105449,1.1452713051598242,xgboost,APURIMAC
2015-07-13,1.9036514414210828,1.0363907852590954,xgboost,APURIMAC
2015-07-20,2.3795643017763517,1.6935306243418244,xgboost,APURIMAC
2015-07-27,2.6175207319539866,1.968841236148005,xgboost,APURIMAC
2015-08-03,2.1416078715987106,2.0023552478100375,xgboost,APURIMAC
2015-08-10,1.665695011243449,1.9434344750927033,xgboost,APURIMAC
2015-08-17,1.1897821508881796,1.425099327279431,xgboost,APURIMAC
2015-08-24,0.475912860355276,1.1685091941373842,xgboost,APURIMAC
2015-08-31,0.951825720710545,0.6407342101616931,xgboost,APURIMAC
2015-09-07,0.951825720710545,0.9514743839941022,xgboost,APURIMAC
2015-09-14,1.1897821508881796,1.007877568276629,xgboost,APURIMAC
2015-09-21,1.1897821508881796,1.0448506590798812,xgboost,APURIMAC
2015-09-28,1.1897821508881796,1.108460939214226,xgboost,APURIMAC
2015-10-05,1.6656950112434485,1.0816996412239481,xgboost,APURIMAC
2015-10-12,1.4277385810658139,1.5174428439399597,xgboost,APURIMAC
2015-10-19,1.1897821508881796,1.0364490477002444,xgboost,APURIMAC
2015-10-26,0.475912860355276,1.227428339840559,xgboost,APURIMAC
2015-11-02,0.23795643017764156,0.6613452504182995,xgboost,APURIMAC
2015-11-09,0.23795643017764156,0.5633417120791071,xgboost,APURIMAC
2015-11-16,0.475912860355276,0.5922037515172038,xgboost,APURIMAC
2015-11-23,0.23795643017764156,0.5220430461487975,xgboost,APURIMAC
2015-11-30,0.951825720710545,0.5419858622858429,xgboost,APURIMAC
2015-12-07,0.951825720710545,1.0744035853981817,xgboost,APURIMAC
2015-12-14,0.951825720710545,1.1493616094506418,xgboost,APURIMAC
2015-12-21,0.475912860355276,1.1189978051778255,xgboost,APURIMAC
2015-12-28,0.23795643017764156,0.5877441230840539,xgboost,APURIMAC
2016-01-04,0.23795643017764156,0.6591673613370488,xgboost,APURIMAC
2016-01-11,0.0,0.8043671147140596,xgboost,APURIMAC
2016-01-18,0.47365080568002754,0.46509650282842685,xgboost,APURIMAC
2016-01-25,0.47365080568002754,0.48570330908313586,xgboost,APURIMAC
2016-02-01,0.947301611360048,0.4905002581700564,xgboost,APURIMAC
2016-02-08,1.4209524170400687,1.0425923255821776,xgboost,APURIMAC
2016-02-15,1.4209524170400687,1.2991449511238398,xgboost,APURIMAC
2016-02-22,1.1841270142000582,1.2305066317596443,xgboost,APURIMAC
2016-02-29,0.47365080568002754,1.3492545888126144,xgboost,APURIMAC
2016-03-07,0.7104762085200307,0.638425664413107,xgboost,APURIMAC
2016-03-14,0.47365080568002754,0.9527104100928883,xgboost,APURIMAC
2016-03-21,0.23682540284001732,0.6753731463737616,xgboost,APURIMAC
2016-03-28,0.23682540284001732,0.6428913794522266,xgboost,APURIMAC
2016-04-04,0.47365080568002754,0.609620203354301,xgboost,APURIMAC
2016-04-11,1.1841270142000584,0.5265510499592201,xgboost,APURIMAC
2016-04-18,0.947301611360048,1.1463179053172383,xgboost,APURIMAC
2016-04-25,1.1841270142000584,1.11599836036393,xgboost,APURIMAC
2016-05-02,1.4209524170400687,1.08990909277806,xgboost,APURIMAC
2016-05-09,1.8946032227200889,1.2832089969343983,xgboost,APURIMAC
2016-05-16,2.1314286255600994,1.9569238256914159,xgboost,APURIMAC
2016-05-23,1.4209524170400687,2.072427222623877,xgboost,APURIMAC
2016-05-30,3.5523810426001603,1.1420626824956899,xgboost,APURIMAC
2016-06-06,4.026031848280181,2.398289862981253,xgboost,APURIMAC
2016-06-13,4.499682653960201,3.1566300876714255,xgboost,APURIMAC
2016-06-20,2.60507943124012,3.8934323183539226,xgboost,APURIMAC
2016-06-27,2.3682540284001097,2.3651454086392265,xgboost,APURIMAC
2016-07-04,2.60507943124012,2.1118396864343127,xgboost,APURIMAC
2016-07-11,3.0787302369201406,2.360973961893976,xgboost,APURIMAC
2016-07-18,2.8419048340801303,2.7670430959466823,xgboost,APURIMAC
2016-07-25,3.315555639760151,2.72829575888646,xgboost,APURIMAC
2016-08-01,3.315555639760151,2.8937802937797863,xgboost,APURIMAC
2016-08-08,2.8419048340801303,2.641852602439449,xgboost,APURIMAC
2016-08-15,2.6050794312401195,2.555578760488243,xgboost,APURIMAC
2016-08-22,1.6577778198800788,2.0707205502514934,xgboost,APURIMAC
2016-08-29,3.5523810426001607,1.2492497237200086,xgboost,APURIMAC
2016-09-05,2.60507943124012,2.4397925596674,xgboost,APURIMAC
2016-09-12,2.6050794312401204,1.9524927897501803,xgboost,APURIMAC
2016-09-19,1.8946032227200895,1.9381013030533194,xgboost,APURIMAC
2016-09-26,1.6577778198800794,1.9367969152750564,xgboost,APURIMAC
2016-10-03,2.1314286255601,1.3844313746513746,xgboost,APURIMAC
2016-10-10,1.4209524170400691,1.613122892683882,xgboost,APURIMAC
2016-10-17,2.6050794312401204,1.123543107715634,xgboost,APURIMAC
2016-10-24,2.1314286255601,2.0079294743958704,xgboost,APURIMAC
2016-10-31,2.3682540284001097,1.5725258419532495,xgboost,APURIMAC
2016-11-07,1.8946032227200895,1.9498500153954086,xgboost,APURIMAC
2016-11-14,2.1314286255601,1.4083869594238605,xgboost,APURIMAC
2016-11-21,1.4209524170400691,1.9249216625411583,xgboost,APURIMAC
2016-11-28,1.1841270142000588,1.4162168757755045,xgboost,APURIMAC
2016-12-05,1.1841270142000588,1.0284735339213067,xgboost,APURIMAC
2016-12-12,0.9473016113600486,1.0605259113019008,xgboost,APURIMAC
2016-12-19,0.9473016113600486,1.1847590002854407,xgboost,APURIMAC
2016-12-26,0.47365080568002815,1.1494050398354583,xgboost,APURIMAC
2017-01-02,0.9450609584404882,0.603590323220139,xgboost,APURIMAC
2017-01-09,0.9428203055209278,0.8941543537973624,xgboost,APURIMAC
2017-01-16,0.9428203055209278,0.8481094911621556,xgboost,APURIMAC
2017-01-23,0.7071152291406978,0.8500072394654214,xgboost,APURIMAC
2017-01-30,1.1785253819011576,0.7946758898218229,xgboost,APURIMAC
2017-02-06,1.1785253819011579,1.0002902994957754,xgboost,APURIMAC
2017-02-13,1.4142304582813878,1.0833817145304905,xgboost,APURIMAC
2017-02-20,0.9428203055209279,1.4582133483514204,xgboost,APURIMAC
2017-02-27,2.357050763802308,0.9838338000507332,xgboost,APURIMAC
2017-03-06,2.828460916562768,2.230282237089142,xgboost,APURIMAC
2017-03-13,3.2998710693232276,2.4247135322174604,xgboost,APURIMAC
2017-03-20,2.3570507638023077,2.2656444878354667,xgboost,APURIMAC
2017-03-27,2.1213456874220777,2.1279713832763223,xgboost,APURIMAC
2017-04-03,1.8856406110418478,1.9282157321559272,xgboost,APURIMAC
2017-04-10,2.12134568742207,1.75190220950067,xgboost,APURIMAC
2017-04-17,2.5927558401825377,1.8391391790773932,xgboost,APURIMAC
2017-04-24,3.5355761457034576,2.267031451640831,xgboost,APURIMAC
2017-05-01,3.2998710693232276,2.6569489898783205,xgboost,APURIMAC
2017-05-08,2.828460916562767,2.9330671812789872,xgboost,APURIMAC
2017-05-15,1.4142304582813878,2.9053717110954547,xgboost,APURIMAC
2017-05-22,1.1785253819011576,1.6621598800202255,xgboost,APURIMAC
2017-05-29,2.1213456874220777,1.195948737095116,xgboost,APURIMAC
2017-06-05,3.2998710693232276,1.9618462502360572,xgboost,APURIMAC
2017-06-12,3.771281222083688,2.7336730030439944,xgboost,APURIMAC
2017-06-19,2.828460916562768,2.833795792752004,xgboost,APURIMAC
2017-06-26,1.8856406110418478,2.5846477189370782,xgboost,APURIMAC
2017-07-03,1.649935534661618,2.0026720136621,xgboost,APURIMAC
2017-07-10,1.1785253819011576,1.7239500827170229,xgboost,APURIMAC
2017-07-17,1.1785253819011579,1.4005103022613268,xgboost,APURIMAC
2017-07-24,0.9428203055209278,1.5666189825801782,xgboost,APURIMAC
2017-07-31,0.7071152291406978,1.2473888571802356,xgboost,APURIMAC
2017-08-07,0.7071152291406978,0.9142829865667448,xgboost,APURIMAC
2017-08-14,0.7071152291406978,0.9619414511594981,xgboost,APURIMAC
2017-08-21,0.7071152291406978,0.9836771306730343,xgboost,APURIMAC
2017-08-28,0.23570507638023772,0.8569799762469823,xgboost,APURIMAC
2017-09-04,0.0,0.44890305108359957,xgboost,APURIMAC
2017-09-11,0.0,0.4507351986869686,xgboost,APURIMAC
2017-09-18,0.0,0.5510472262901702,xgboost,APURIMAC
2017-09-25,0.23570507638023772,0.45318386080097917,xgboost,APURIMAC
2017-10-02,0.23570507638023772,0.4464171586957624,xgboost,APURIMAC
2017-10-09,0.23570507638023772,0.43493523725376265,xgboost,APURIMAC
2017-10-16,0.23570507638023772,0.420693056425053,xgboost,APURIMAC
2017-10-23,0.7071152291406978,0.5545929253166009,xgboost,APURIMAC
2017-10-30,1.4142304582813878,0.7284579413652053,xgboost,APURIMAC
2017-11-06,1.649935534661618,1.1837822948460515,xgboost,APURIMAC
2017-11-13,1.649935534661618,1.4032927037330931,xgboost,APURIMAC
2017-11-20,0.9428203055209278,1.4830682574779979,xgboost,APURIMAC
2017-11-27,0.4714101527604677,0.9222578097453866,xgboost,APURIMAC
2017-12-04,0.7071152291406978,0.5945574641011477,xgboost,APURIMAC
2017-12-11,1.8856406110418478,0.7895670722427774,xgboost,APURIMAC
2017-12-18,2.5927558401825377,1.7219197152229273,xgboost,APURIMAC
2017-12-25,2.1213456874220777,2.170391133258171,xgboost,APURIMAC
2018-01-01,1.1779202582658372,1.6573802201731538,xgboost,APURIMAC
2018-01-08,0.47080502912514716,0.9286304978823186,xgboost,APURIMAC
2018-01-15,0.23509995274491716,0.514310478347902,xgboost,APURIMAC
2018-01-22,0.9403998109796455,0.4293604647999631,xgboost,APURIMAC
2018-01-29,1.175499763724555,0.8757724946259131,xgboost,APURIMAC
2018-02-05,1.645699669214374,0.9515081161974972,xgboost,APURIMAC
2018-02-12,0.7052998582347362,1.4156558477704309,xgboost,APURIMAC
2018-02-19,0.4701999054898267,0.6116993838116238,xgboost,APURIMAC
2018-02-26,0.7052998582347362,0.5517949078360804,xgboost,APURIMAC
2018-03-05,1.175499763724555,0.5784632918214747,xgboost,APURIMAC
2018-03-12,1.4105997164694646,1.1501915506480396,xgboost,APURIMAC
2018-03-19,1.175499763724555,1.4882470745287457,xgboost,APURIMAC
2018-03-26,1.175499763724555,1.2714137691176153,xgboost,APURIMAC
2018-04-02,0.9403998109796454,1.2154871772483884,xgboost,APURIMAC
2018-04-09,0.47019990548982665,1.1840481050277147,xgboost,APURIMAC
2018-04-16,0.47019990548982665,0.6314389314744255,xgboost,APURIMAC
2018-04-23,1.175499763724555,0.5711321935883398,xgboost,APURIMAC
2018-04-30,1.8807996219592835,1.2024348030250134,xgboost,APURIMAC
2018-05-07,2.1158995747041853,1.8531452405665285,xgboost,APURIMAC
2018-05-14,2.3509995274491025,1.8900266022593049,xgboost,APURIMAC
2018-05-21,3.2913993384287408,2.3123947374095444,xgboost,APURIMAC
2018-05-28,4.231799149408379,2.4470898408501616,xgboost,APURIMAC
2018-06-04,4.466899102153288,2.9754048639953945,xgboost,APURIMAC
2018-06-11,4.466899102153288,3.1755568929099987,xgboost,APURIMAC
2018-06-18,4.231799149408379,3.3929305780154317,xgboost,APURIMAC
2018-06-25,3.056299385683831,3.4321162431051038,xgboost,APURIMAC
2018-07-02,1.4105997164694646,2.742227597386966,xgboost,APURIMAC
2018-07-09,0.7052998582347362,1.3431399022940416,xgboost,APURIMAC
2018-07-16,3.056299385683831,0.8985490114344197,xgboost,APURIMAC
2018-07-23,3.056299385683831,2.4786980032297716,xgboost,APURIMAC
2018-07-30,4.9370990076431065,2.5294317810867053,xgboost,APURIMAC
2018-08-06,3.761599243918559,2.5862860234422067,xgboost,APURIMAC
2018-08-13,4.9370990076431065,2.641125052021771,xgboost,APURIMAC
2018-08-20,2.8211994329389216,2.6360327995745725,xgboost,APURIMAC
2018-08-27,2.586099480194012,2.11214463065775,xgboost,APURIMAC
2018-09-03,2.3509995274491025,1.9619475858110884,xgboost,APURIMAC
2018-09-10,1.8807996219592837,2.038631592308342,xgboost,APURIMAC
2018-09-17,2.115899574704193,1.9554173029299617,xgboost,APURIMAC
2018-09-24,1.4105997164694646,1.9189382032059465,xgboost,APURIMAC
2018-10-01,1.4105997164694646,1.3119607245194729,xgboost,APURIMAC
2018-10-08,0.7052998582347362,1.3538071946225876,xgboost,APURIMAC
2018-10-15,1.1754997637245552,0.9891560712752343,xgboost,APURIMAC
2018-10-22,2.3509995274491025,1.1499067948664559,xgboost,APURIMAC
2018-10-29,2.1158995747041933,1.922122770862226,xgboost,APURIMAC
2018-11-05,2.115899574704193,1.9205375383019074,xgboost,APURIMAC
2018-11-12,0.9403998109796455,1.9220945551199122,xgboost,APURIMAC
2018-11-19,1.4105997164694646,0.8651658273620884,xgboost,APURIMAC
2018-11-26,0.9403998109796455,1.2124298772167346,xgboost,APURIMAC
2018-12-03,2.586099480194012,1.0185228760779097,xgboost,APURIMAC
2018-12-10,2.115899574704193,2.14244953829294,xgboost,APURIMAC
2018-12-17,1.8807996219592835,1.81400429029047,xgboost,APURIMAC
2018-12-24,0.4701999054898263,1.864673756448831,xgboost,APURIMAC
2018-12-31,0.4701999054898263,0.693072504954245,xgboost,APURIMAC
2019-01-07,0.9391957619114347,0.679234182609967,xgboost,APURIMAC
2019-01-14,0.9385937373773295,1.0392095616928851,xgboost,APURIMAC
2019-01-21,0.70349378463242,0.9860263402385541,xgboost,APURIMAC
2019-01-28,0.23449792821081164,0.6943580441802362,xgboost,APURIMAC
2019-02-04,0.0,0.6473893955536167,xgboost,APURIMAC
2019-02-11,0.0,0.41995505110521203,xgboost,APURIMAC
2019-02-18,0.0,0.44147891103785103,xgboost,APURIMAC
2019-02-25,0.23449792821081164,0.43043063535963705,xgboost,APURIMAC
2019-03-04,0.23449792821081164,0.377850563653692,xgboost,APURIMAC
2019-03-11,0.4689958564216159,0.2883655861129734,xgboost,APURIMAC
2019-03-18,0.4689958564216159,0.5120522805779688,xgboost,APURIMAC
2019-03-25,0.4689958564216159,0.7743354325436076,xgboost,APURIMAC
2019-04-01,0.4689958564216159,0.7510022758776691,xgboost,APURIMAC
2019-04-08,1.4069875692648328,0.6585422707366244,xgboost,APURIMAC
2019-04-15,1.8759834256864416,1.2600385814462887,xgboost,APURIMAC
2019-04-22,2.5794772103188546,1.6051326355027848,xgboost,APURIMAC
2019-04-29,2.3449792821080497,1.844420548205917,xgboost,APURIMAC
2019-05-06,2.3449792821080497,1.9014810387981598,xgboost,APURIMAC
2019-05-13,1.6414854974756372,1.900142086951556,xgboost,APURIMAC
2019-05-20,1.1724896410540286,1.4708802256856561,xgboost,APURIMAC
2019-05-27,2.3449792821080497,1.1845061242164219,xgboost,APURIMAC
2019-06-03,3.7519668513728757,2.1658024852365787,xgboost,APURIMAC
2019-06-10,4.220962707794484,3.0994533040493906,xgboost,APURIMAC
2019-06-17,3.9864647795836796,3.085351944108786,xgboost,APURIMAC
2019-06-24,2.579477210318854,3.0038155775010456,xgboost,APURIMAC
2019-07-01,2.579477210318854,2.0604533420634055,xgboost,APURIMAC
2019-07-08,1.641485497475637,2.284009155683389,xgboost,APURIMAC
2019-07-15,3.048473066740463,1.5290655553462953,xgboost,APURIMAC
2019-07-22,2.3449792821080497,2.740737000415747,xgboost,APURIMAC
2019-07-29,2.3449792821080497,2.3252627567242774,xgboost,APURIMAC
2019-08-05,1.641485497475637,2.3035839356589274,xgboost,APURIMAC
2019-08-12,2.579477210318854,1.7519628998467436,xgboost,APURIMAC
2019-08-19,2.579477210318854,2.085439047245435,xgboost,APURIMAC
2019-08-26,2.3449792821080497,2.2031707484866234,xgboost,APURIMAC
2019-09-02,1.641485497475637,2.0759827509614914,xgboost,APURIMAC
2019-09-09,1.1724896410540284,1.767946269076627,xgboost,APURIMAC
2019-09-16,0.4689958564216156,1.2541166071671461,xgboost,APURIMAC
2019-09-23,0.0,0.8791758964222718,xgboost,APURIMAC
2019-09-30,0.23449792821081136,0.7776361587877383,xgboost,APURIMAC
2019-10-07,0.23449792821081136,0.36061400530031956,xgboost,APURIMAC
2019-10-14,0.23449792821081136,0.3550277734746896,xgboost,APURIMAC
2019-10-21,0.0,0.31176751687138154,xgboost,APURIMAC
2019-10-28,0.0,0.3407980348429731,xgboost,APURIMAC
2019-11-04,0.23449792821081136,0.29620664222805143,xgboost,APURIMAC
2019-11-11,0.23449792821081136,0.3069582101886246,xgboost,APURIMAC
2019-11-18,0.7034937846324198,0.34678726457820663,xgboost,APURIMAC
2019-11-25,0.4689958564216156,0.5573465113027778,xgboost,APURIMAC
2019-12-02,0.7034937846324198,0.510955357587793,xgboost,APURIMAC
2019-12-09,0.23449792821081136,0.7460216324986146,xgboost,APURIMAC
2019-12-16,0.23449792821081136,0.5584348942731516,xgboost,APURIMAC
2019-12-23,0.4689958564216156,0.5855404241916469,xgboost,APURIMAC
2019-12-30,0.9379917128432241,0.5356383645062457,xgboost,APURIMAC
2020-01-06,1.8735876289670503,0.8828998021478105,xgboost,APURIMAC
2020-01-13,1.4045917725454418,1.5420834341730334,xgboost,APURIMAC
2020-01-20,0.9355959161238333,1.1238072820653011,xgboost,APURIMAC
2020-01-27,0.4677979580619202,1.1624694747500945,xgboost,APURIMAC
2020-02-03,1.4033938741857463,0.6463517342297405,xgboost,APURIMAC
2020-02-10,2.105090811278616,1.110151807347243,xgboost,APURIMAC
2020-02-17,2.105090811278616,1.6467179552261269,xgboost,APURIMAC
2020-02-24,1.4033938741857463,1.738011565045185,xgboost,APURIMAC
2020-03-02,1.1694948951547899,1.0508197790347076,xgboost,APURIMAC
2020-03-09,0.9355959161238333,1.2424907865122745,xgboost,APURIMAC
2020-03-16,1.4033938741857463,1.1371570892306115,xgboost,APURIMAC
2020-03-23,0.9355959161238333,1.2032143226600422,xgboost,APURIMAC
2020-03-30,1.1694948951547899,1.1262266312889802,xgboost,APURIMAC
2020-04-06,0.7016969370928767,1.0691115796849076,xgboost,APURIMAC
2020-04-13,0.7016969370928767,0.7815437372414293,xgboost,APURIMAC
2020-04-20,0.23389897903096366,0.8011816498158828,xgboost,APURIMAC
2020-04-27,0.23389897903096366,0.552297510114055,xgboost,APURIMAC
2020-05-04,0.4677979580619202,0.37568474943982166,xgboost,APURIMAC
2020-05-11,0.4677979580619202,0.47746293062765777,xgboost,APURIMAC
2020-05-18,0.23389897903096366,0.5937556926436689,xgboost,APURIMAC
2020-05-25,0.0,0.5449219463478114,xgboost,APURIMAC
2020-06-01,0.0,0.4115027930901079,xgboost,APURIMAC
2020-06-08,0.0,0.4046539033204952,xgboost,APURIMAC
2020-06-15,0.0,0.542758233487926,xgboost,APURIMAC
2020-06-22,0.0,0.6039311072291342,xgboost,APURIMAC
2020-06-29,0.0,0.31385537385564705,xgboost,APURIMAC
2020-07-06,0.0,0.3333461071585618,xgboost,APURIMAC
2020-07-13,0.0,0.35365851373308266,xgboost,APURIMAC
2020-07-20,0.0,0.3841026491885386,xgboost,APURIMAC
2020-07-27,0.23389897903096366,0.13294106235250175,xgboost,APURIMAC
2020-08-03,0.23389897903096366,0.19731376470187256,xgboost,APURIMAC
2020-08-10,0.4677979580619202,0.19129683985258614,xgboost,APURIMAC
2020-08-17,0.23389897903096366,0.4129730941181686,xgboost,APURIMAC
2020-08-24,0.23389897903096366,0.2982935274188749,xgboost,APURIMAC
2020-08-31,0.0,0.2961597462949699,xgboost,APURIMAC
2020-09-07,0.0,0.22344875160220334,xgboost,APURIMAC
2020-09-14,0.0,0.2921542551662263,xgboost,APURIMAC
2020-09-21,0.0,0.1634213992486763,xgboost,APURIMAC
2020-09-28,0.0,0.1634213992486763,xgboost,APURIMAC
2020-10-05,0.0,0.15559855213141094,xgboost,APURIMAC
2020-10-12,0.0,0.19881552137855693,xgboost,APURIMAC
2020-10-19,0.0,0.12054308748767781,xgboost,APURIMAC
2020-10-26,0.0,0.12829329609253165,xgboost,APURIMAC
2020-11-02,0.0,0.1714321280654479,xgboost,APURIMAC
2020-11-09,0.0,0.1880595717851647,xgboost,APURIMAC
2020-11-16,0.23389897903096366,0.2567336670573901,xgboost,APURIMAC
2020-11-23,0.23389897903096366,0.34069178835016795,xgboost,APURIMAC
2020-11-30,0.23389897903096366,0.34069178835016795,xgboost,APURIMAC
2020-12-07,0.0,0.34069178835016795,xgboost,APURIMAC
2020-12-14,0.0,0.1650038077406277,xgboost,APURIMAC
2020-12-21,0.0,0.16585762041274787,xgboost,APURIMAC
2020-12-28,0.0,0.16334914366989192,xgboost,APURIMAC
2021-01-04,0.0,0.24633743238463687,xgboost,APURIMAC
2021-01-11,0.0,0.15498680992607228,xgboost,APURIMAC
2021-01-18,0.0,0.16454925776896995,xgboost,APURIMAC
2021-01-25,0.46660616340081945,0.16454925776896995,xgboost,APURIMAC
2021-02-01,0.46660616340081945,0.37940740729109995,xgboost,APURIMAC
2021-02-08,0.46660616340081945,0.49173658973115,xgboost,APURIMAC
2021-02-15,0.0,0.47156386224706837,xgboost,APURIMAC
2021-02-22,0.0,0.18699684794868088,xgboost,APURIMAC
2021-03-01,0.0,0.16631014367642533,xgboost,APURIMAC
2021-03-08,0.46660616340081945,0.13111154671354922,xgboost,APURIMAC
2021-03-15,0.46660616340081945,0.3373236827208875,xgboost,APURIMAC
2021-03-22,0.6999092451012258,0.37527523438626004,xgboost,APURIMAC
2021-03-29,0.23330308170041328,0.6294635522986258,xgboost,APURIMAC
2021-04-05,0.46660616340081945,0.3073054211264957,xgboost,APURIMAC
2021-04-12,0.23330308170041328,0.7613708042467866,xgboost,APURIMAC
2021-04-19,0.23330308170041328,0.3482359191395917,xgboost,APURIMAC
2021-04-26,0.23330308170041328,0.1600206572390192,xgboost,APURIMAC
2021-05-03,0.23330308170041328,0.21648471675696201,xgboost,APURIMAC
2021-05-10,0.23330308170041328,0.21030010302171273,xgboost,APURIMAC
2021-05-17,0.0,0.21104766302765773,xgboost,APURIMAC
2021-05-24,0.0,0.10017109079791375,xgboost,APURIMAC
2021-05-31,0.23330308170041328,0.09074089418011236,xgboost,APURIMAC
2021-06-07,0.23330308170041328,0.16176849795747553,xgboost,APURIMAC
2021-06-14,0.46660616340081945,0.16176849795747553,xgboost,APURIMAC
2021-06-21,0.23330308170041328,0.41892747757196813,xgboost,APURIMAC
2021-06-28,0.23330308170041328,0.22818562022189648,xgboost,APURIMAC
2021-07-05,0.23330308170041328,0.18644369008174183,xgboost,APURIMAC
2021-07-12,0.23330308170041328,0.1904984759773554,xgboost,APURIMAC
2021-07-19,0.23330308170041328,0.18644369008174183,xgboost,APURIMAC
2021-07-26,0.0,0.20775990891199064,xgboost,APURIMAC
2021-08-02,0.0,0.10954320037078898,xgboost,APURIMAC
2021-08-09,0.0,0.11988747254414306,xgboost,APURIMAC
2021-08-16,0.0,0.10694011071804446,xgboost,APURIMAC
2021-08-23,0.23330308170041328,0.08154782199974564,xgboost,APURIMAC
2021-08-30,0.23330308170041328,0.1796682846275414,xgboost,APURIMAC
2021-09-06,0.46660616340081945,0.2095821311938533,xgboost,APURIMAC
2021-09-13,0.23330308170041328,0.3455491139896681,xgboost,APURIMAC
2021-09-20,0.23330308170041328,0.22074594333708364,xgboost,APURIMAC
2021-09-27,0.46660616340081945,0.2138054143252929,xgboost,APURIMAC
2021-10-04,0.9332123268016318,0.30033354767720416,xgboost,APURIMAC
2021-10-11,0.9332123268016318,0.9868835702851189,xgboost,APURIMAC
2021-10-18,0.9332123268016318,1.0406073374990146,xgboost,APURIMAC
2021-10-25,0.46660616340081945,0.9323577280665449,xgboost,APURIMAC
2021-11-01,0.46660616340081945,0.5534580113830447,xgboost,APURIMAC
2021-11-08,0.0,0.5083849836945997,xgboost,APURIMAC
2021-11-15,0.0,0.13752378670283538,xgboost,APURIMAC
2021-11-22,0.0,0.10289064955478955,xgboost,APURIMAC
2021-11-29,0.46660616340081945,0.10197396105360972,xgboost,APURIMAC
2021-12-06,1.166515408502038,0.31479995877095496,xgboost,APURIMAC
2021-12-13,2.333030817004069,0.9565969470833746,xgboost,APURIMAC
2021-12-20,1.8664246536032565,1.8385713138144495,xgboost,APURIMAC
2021-12-27,1.3998184902024444,1.395992037695907,xgboost,APURIMAC
2022-01-03,0.9314320959422452,1.171401611179924,xgboost,APURIMAC
2022-01-10,0.9314320959422452,1.1497209934710035,xgboost,APURIMAC
2022-01-17,1.3962580284836708,1.0120534298877595,xgboost,APURIMAC
2022-01-24,1.396258028483671,1.1465215803624922,xgboost,APURIMAC
2022-01-31,2.5598063855533906,1.005349868286689,xgboost,APURIMAC
2022-02-07,2.3270967141394467,1.7133894387945108,xgboost,APURIMAC
2022-02-14,1.8616773713115586,1.6899087145821992,xgboost,APURIMAC
2022-02-21,0.9308386856557829,1.258886037542379,xgboost,APURIMAC
2022-02-28,0.6981290142418318,1.2388359500875912,xgboost,APURIMAC
2022-03-07,0.9308386856557829,0.8434715878863686,xgboost,APURIMAC
2022-03-14,0.6981290142418389,1.1118066467062917,xgboost,APURIMAC
2022-03-21,0.930838685655783,0.5294024554772458,xgboost,APURIMAC
2022-03-28,1.6289676998976148,0.7908377079171423,xgboost,APURIMAC
2022-04-04,2.7925160569673344,1.219924513137749,xgboost,APURIMAC
2022-04-11,2.3270967141394467,1.9610282778028347,xgboost,APURIMAC
2022-04-18,1.6289676998976148,2.096486178241269,xgboost,APURIMAC
2022-04-25,1.163548357069727,1.520281613016726,xgboost,APURIMAC
2022-05-02,2.3270967141394467,1.473367789413393,xgboost,APURIMAC
2022-05-09,2.0943870427255025,2.161693456742386,xgboost,APURIMAC
2022-05-16,3.2579353997952225,1.7963078658866447,xgboost,APURIMAC
2022-05-23,4.654193428278886,2.53727425898911,xgboost,APURIMAC
2022-05-30,5.119612771106774,3.4192764374680022,xgboost,APURIMAC
2022-06-06,3.956064414037055,3.5085704686423664,xgboost,APURIMAC
2022-06-13,2.5598063855533906,3.3378749129394674,xgboost,APURIMAC
2022-06-20,3.2579353997952225,2.439867600592502,xgboost,APURIMAC
2022-06-27,3.956064414037055,3.069658012444531,xgboost,APURIMAC
2022-07-04,5.119612771106774,2.713065956726927,xgboost,APURIMAC
2022-07-11,5.352322442520719,2.93257725503465,xgboost,APURIMAC
2022-07-18,6.050451456762549,2.8416742884360717,xgboost,APURIMAC
2022-07-25,5.585032113934662,3.8350305221452805,xgboost,APURIMAC
2022-08-01,5.119612771106774,3.2133123135921604,xgboost,APURIMAC
2022-08-08,3.72335474262311,3.1431730845516457,xgboost,APURIMAC
2022-08-15,2.094387042725503,3.5939740901797226,xgboost,APURIMAC
2022-08-22,1.6289676998976148,2.275343357742108,xgboost,APURIMAC
2022-08-29,1.396258028483671,1.605875280757124,xgboost,APURIMAC
2022-09-05,1.8616773713115589,1.3347193433909044,xgboost,APURIMAC
2022-09-12,1.163548357069727,1.3886462054056952,xgboost,APURIMAC
2022-09-19,0.6981290142418389,1.2028972033204308,xgboost,APURIMAC
2022-09-26,0.23270967141395105,0.7974781487019111,xgboost,APURIMAC
2022-10-03,0.930838685655783,0.4249544730091504,xgboost,APURIMAC
2022-10-10,1.163548357069727,1.0269018756918848,xgboost,APURIMAC
2022-10-17,1.6289676998976148,1.3993340308477316,xgboost,APURIMAC
2022-10-24,1.163548357069727,1.4324099571733915,xgboost,APURIMAC
2022-10-31,0.930838685655783,1.184911625547325,xgboost,APURIMAC
2022-11-07,0.465419342827895,1.0324672520027907,xgboost,APURIMAC
2022-11-14,0.465419342827895,0.7537973885810243,xgboost,APURIMAC
2022-11-21,0.465419342827895,0.6605161322707385,xgboost,APURIMAC
2022-11-28,0.23270967141395105,0.4571296094407752,xgboost,APURIMAC
2022-12-05,0.465419342827895,0.3091463642247676,xgboost,APURIMAC
