date,region,actual,arima,holt_winters,naive,seasonal_naive,arima_error,arima_abs_error,arima_pct_error,holt_winters_error,holt_winters_abs_error,holt_winters_pct_error,naive_error,naive_abs_error,naive_pct_error,seasonal_naive_error,seasonal_naive_abs_error,seasonal_naive_pct_error,best_model
2010-12-27,JUNIN,0.0,0.0,0.0,0.0,0.0,0.0,0.0,,0.0,0.0,,0.0,0.0,,0.0,0.0,,arima
2011-01-03,JUNIN,0.0,0.01783333293185612,0.044847305459526136,0.0,0.0,0.018,0.018,,0.045,0.045,,0.0,0.0,,0.0,0.0,,naive
2011-01-10,JUNIN,0.0,3.7189876657523714e-06,0.04633905751238752,0.0,0.0,0.0,0.0,,0.046,0.046,,0.0,0.0,,0.0,0.0,,arima
2011-01-17,JUNIN,0.0,0.003759097128591404,0.09174307365621832,0.0,0.1596296591906775,0.004,0.004,,0.092,0.092,,0.0,0.0,,0.16,0.16,,naive
2011-01-24,JUNIN,0.0,0.026481489466450844,0.0,0.0,0.1596296591906775,0.026,0.026,,0.0,0.0,,0.0,0.0,,0.16,0.16,,holt_winters
2011-01-31,JUNIN,0.0,0.017387355597972803,0.02292867502306132,0.0,0.1596296591906775,0.017,0.017,,0.023,0.023,,0.0,0.0,,0.16,0.16,,naive
2011-02-07,JUNIN,0.0,0.015534976675745873,0.0,0.0,0.0,0.016,0.016,,0.0,0.0,,0.0,0.0,,0.0,0.0,,holt_winters
2011-02-14,JUNIN,0.0,0.019607275015115392,0.0,0.0,0.0,0.02,0.02,,0.0,0.0,,0.0,0.0,,0.0,0.0,,holt_winters
2011-02-21,JUNIN,0.0,0.0,0.0,0.0,0.0,0.0,0.0,,0.0,0.0,,0.0,0.0,,0.0,0.0,,arima
2011-02-28,JUNIN,0.0,0.0,0.0,0.0,0.0,0.0,0.0,,0.0,0.0,,0.0,0.0,,0.0,0.0,,arima
2011-03-07,JUNIN,0.0,0.0,0.0,0.0,0.0,0.0,0.0,,0.0,0.0,,0.0,0.0,,0.0,0.0,,arima
2011-03-14,JUNIN,0.07923666565771971,0.0,0.0,0.0,0.0,-0.079,0.079,99.7,-0.079,0.079,99.7,-0.079,0.079,99.7,-0.079,0.079,99.7,arima
2011-03-21,JUNIN,0.07923666565771971,0.09324470796578754,0.11766160808912715,0.07923666565771971,0.0,0.014,0.014,17.7,0.038,0.038,48.0,0.0,0.0,0.0,-0.079,0.079,99.7,naive
2011-03-28,JUNIN,0.2377099969731593,0.1449162419025203,0.08078240364684565,0.07923666565771971,0.0,-0.093,0.093,39.1,-0.157,0.157,66.0,-0.158,0.158,66.5,-0.238,0.238,100.1,arima
2011-04-04,JUNIN,0.1584733313154395,0.10424615360788382,0.11002986048576668,0.07923666565771971,0.07981482959533874,-0.054,0.054,34.1,-0.048,0.048,30.3,-0.079,0.079,49.9,-0.079,0.079,49.9,holt_winters
2011-04-11,JUNIN,0.31694666263087906,0.1154631302847717,0.08900507181713113,0.07923666565771971,0.07981482959533874,-0.201,0.201,63.4,-0.228,0.228,71.9,-0.238,0.238,75.1,-0.237,0.237,74.8,arima
2011-04-18,JUNIN,0.2377099969731593,0.27555893574988227,0.4329207345324879,0.31694666263087906,0.07981482959533874,0.038,0.038,16.0,0.195,0.195,82.0,0.079,0.079,33.2,-0.158,0.158,66.5,arima
2011-04-25,JUNIN,0.31694666263087906,0.3557961111071911,0.40643457168677033,0.31694666263087906,0.1596296591906775,0.039,0.039,12.3,0.089,0.089,28.1,0.0,0.0,0.0,-0.157,0.157,49.5,naive
2011-05-02,JUNIN,0.1584733313154395,0.31170843062626546,0.4852423772377359,0.31694666263087906,0.1596296591906775,0.153,0.153,96.5,0.327,0.327,206.3,0.158,0.158,99.7,0.001,0.001,0.6,seasonal_naive
2011-05-09,JUNIN,0.2377099969731593,0.3173916724290986,0.4852423772377359,0.31694666263087906,0.23944448878601635,0.08,0.08,33.7,0.248,0.248,104.3,0.079,0.079,33.2,0.002,0.002,0.8,seasonal_naive
2011-05-16,JUNIN,0.1584733313154395,0.21308273381679108,0.2508702983590501,0.2377099969731593,0.07981482959533874,0.055,0.055,34.7,0.092,0.092,58.1,0.079,0.079,49.9,-0.079,0.079,49.9,arima
2011-05-23,JUNIN,0.1584733313154395,0.2823474219042421,0.23597399753152665,0.2377099969731593,0.23944448878601635,0.124,0.124,78.2,0.078,0.078,49.2,0.079,0.079,49.9,0.081,0.081,51.1,holt_winters
2011-05-30,JUNIN,0.07923666565771971,0.2400018582265017,0.16032394766408145,0.2377099969731593,0.1596296591906775,0.161,0.161,203.2,0.081,0.081,102.2,0.158,0.158,199.4,0.08,0.08,101.0,seasonal_naive
2011-06-06,JUNIN,0.07923666565771971,0.2483144240936329,0.16325801974319917,0.2377099969731593,0.23944448878601635,0.169,0.169,213.3,0.084,0.084,106.0,0.158,0.158,199.4,0.16,0.16,201.9,holt_winters
2011-06-13,JUNIN,0.1584733313154395,0.09191175611416615,0.06959189564645958,0.07923666565771971,0.07981482959533874,-0.067,0.067,42.3,-0.089,0.089,56.2,-0.079,0.079,49.9,-0.079,0.079,49.9,arima
2011-06-20,JUNIN,0.07923666565771971,0.07709867112144046,0.06973758164400008,0.07923666565771971,0.07981482959533874,-0.002,0.002,2.5,-0.009,0.009,11.4,0.0,0.0,0.0,0.001,0.001,1.3,naive
2011-06-27,JUNIN,0.07923666565771971,0.08367297412295681,0.013537339568887176,0.07923666565771971,0.0,0.004,0.004,5.0,-0.066,0.066,83.3,0.0,0.0,0.0,-0.079,0.079,99.7,naive
2011-07-04,JUNIN,0.0,0.08392083865465756,0.0,0.07923666565771971,0.0,0.084,0.084,,0.0,0.0,,0.079,0.079,,0.0,0.0,,holt_winters
2011-07-11,JUNIN,0.1584733313154395,0.025232818564316552,0.0021955798582701243,0.0,0.0,-0.133,0.133,83.9,-0.156,0.156,98.4,-0.158,0.158,99.7,-0.158,0.158,99.7,arima
2011-07-18,JUNIN,0.1584733313154395,0.01326318045730829,0.053065239238868855,0.0,0.0,-0.145,0.145,91.5,-0.105,0.105,66.3,-0.158,0.158,99.7,-0.158,0.158,99.7,holt_winters
2011-07-25,JUNIN,0.1584733313154395,0.014073309310052143,0.04347917422222413,0.0,0.0,-0.144,0.144,90.9,-0.115,0.115,72.6,-0.158,0.158,99.7,-0.158,0.158,99.7,holt_winters
2011-08-01,JUNIN,0.0,0.01728990850568266,0.09253664468289133,0.0,0.07981482959533874,0.017,0.017,,0.093,0.093,,0.0,0.0,,0.08,0.08,,naive
2011-08-08,JUNIN,0.0,0.0,0.038811392386103455,0.0,0.3192593183813552,0.0,0.0,,0.039,0.039,,0.0,0.0,,0.319,0.319,,arima
2011-08-15,JUNIN,0.0,0.0,0.0700773305825539,0.0,0.3192593183813552,0.0,0.0,,0.07,0.07,,0.0,0.0,,0.319,0.319,,arima
2011-08-22,JUNIN,0.0,0.0,0.1010249156294469,0.0,0.23944448878601635,0.0,0.0,,0.101,0.101,,0.0,0.0,,0.239,0.239,,arima
2011-08-29,JUNIN,0.07923666565771971,0.0,0.059342139908203785,0.0,0.07981482959533874,-0.079,0.079,99.7,-0.02,0.02,25.2,-0.079,0.079,99.7,0.001,0.001,1.3,seasonal_naive
2011-09-05,JUNIN,0.07923666565771971,0.08721191213587505,0.09215925250320785,0.07923666565771971,0.07981482959533874,0.008,0.008,10.1,0.013,0.013,16.4,0.0,0.0,0.0,0.001,0.001,1.3,naive
2011-09-12,JUNIN,0.1584733313154395,0.15072679946319578,0.027585302378103412,0.07923666565771971,0.07981482959533874,-0.008,0.008,5.0,-0.131,0.131,82.7,-0.079,0.079,49.9,-0.079,0.079,49.9,arima
2011-09-19,JUNIN,0.2377099969731593,0.10144962685061243,0.0,0.07923666565771971,0.07981482959533874,-0.136,0.136,57.2,-0.238,0.238,100.1,-0.158,0.158,66.5,-0.158,0.158,66.5,arima
2011-09-26,JUNIN,0.2377099969731593,0.11684349176713182,0.0,0.07923666565771971,0.07981482959533874,-0.121,0.121,50.9,-0.238,0.238,100.1,-0.158,0.158,66.5,-0.158,0.158,66.5,arima
2011-10-03,JUNIN,0.1584733313154395,0.28221573924618343,0.17982615989325035,0.2377099969731593,0.07981482959533874,0.124,0.124,78.2,0.021,0.021,13.3,0.079,0.079,49.9,-0.079,0.079,49.9,holt_winters
2011-10-10,JUNIN,0.0,0.19378928752706576,0.28013703005316726,0.2377099969731593,0.23944448878601635,0.194,0.194,,0.28,0.28,,0.238,0.238,,0.239,0.239,,arima
2011-10-17,JUNIN,0.0,0.24465931223081175,0.24929423594065014,0.2377099969731593,0.23944448878601635,0.245,0.245,,0.249,0.249,,0.238,0.238,,0.239,0.239,,naive
2011-10-24,JUNIN,0.07923666565771971,0.23551090915422904,0.24994073102458556,0.2377099969731593,0.23944448878601635,0.156,0.156,196.9,0.171,0.171,215.8,0.158,0.158,199.4,0.16,0.16,201.9,arima
2011-10-31,JUNIN,0.07923666565771971,0.10099749136570617,0.016978518082463957,0.07923666565771971,0.07981482959533874,0.022,0.022,27.8,-0.062,0.062,78.2,0.0,0.0,0.0,0.001,0.001,1.3,naive
2011-11-07,JUNIN,0.07923666565771971,0.12255077973507311,0.010803467096338467,0.07923666565771971,0.07981482959533874,0.043,0.043,54.3,-0.068,0.068,85.8,0.0,0.0,0.0,0.001,0.001,1.3,naive
2011-11-14,JUNIN,0.0,0.09975676127436052,0.032122307390671664,0.07923666565771971,0.23944448878601635,0.1,0.1,,0.032,0.032,,0.079,0.079,,0.239,0.239,,holt_winters
2011-11-21,JUNIN,0.0,0.108909723550034,0.04402492401453736,0.07923666565771971,0.1596296591906775,0.109,0.109,,0.044,0.044,,0.079,0.079,,0.16,0.16,,holt_winters
2011-11-28,JUNIN,0.0,0.0,0.04021556171804474,0.0,0.1596296591906775,0.0,0.0,,0.04,0.04,,0.0,0.0,,0.16,0.16,,arima
2011-12-05,JUNIN,0.07923666565771971,0.0,0.00900151458261365,0.0,0.0,-0.079,0.079,99.7,-0.07,0.07,88.3,-0.079,0.079,99.7,-0.079,0.079,99.7,holt_winters
2011-12-12,JUNIN,0.07923666565771971,0.0,0.0,0.0,0.0,-0.079,0.079,99.7,-0.079,0.079,99.7,-0.079,0.079,99.7,-0.079,0.079,99.7,arima
2011-12-19,JUNIN,0.07923666565771971,0.0,0.0,0.0,0.0,-0.079,0.079,99.7,-0.079,0.079,99.7,-0.079,0.079,99.7,-0.079,0.079,99.7,arima
2011-12-26,JUNIN,0.0,0.04546503264365027,0.07770152630103844,0.07923666565771971,0.0,0.045,0.045,,0.078,0.078,,0.079,0.079,,0.0,0.0,,seasonal_naive
2012-01-02,JUNIN,0.23600045312086992,0.0544816065857857,0.09299294104858069,0.07923666565771971,0.0,-0.182,0.182,77.1,-0.143,0.143,60.6,-0.157,0.157,66.5,-0.236,0.236,100.0,holt_winters
2012-01-09,JUNIN,0.23600045312086992,0.05892329783587868,0.110312074168134,0.07923666565771971,0.0,-0.177,0.177,75.0,-0.126,0.126,53.4,-0.157,0.157,66.5,-0.236,0.236,100.0,holt_winters
2012-01-16,JUNIN,0.23600045312086992,0.052746225509572114,0.160256889421862,0.07923666565771971,0.0,-0.183,0.183,77.5,-0.076,0.076,32.2,-0.157,0.157,66.5,-0.236,0.236,100.0,holt_winters
2012-01-23,JUNIN,0.0,0.09237911379844012,0.19130152808578968,0.2360004531208699,0.0,0.092,0.092,,0.191,0.191,,0.236,0.236,,0.0,0.0,,seasonal_naive
2012-01-30,JUNIN,0.0,0.09364529497144991,0.2161651870099906,0.2360004531208699,0.0,0.094,0.094,,0.216,0.216,,0.236,0.236,,0.0,0.0,,seasonal_naive
2012-02-06,JUNIN,0.0,0.14147500603005592,0.17514916354393778,0.2360004531208699,0.0,0.141,0.141,,0.175,0.175,,0.236,0.236,,0.0,0.0,,seasonal_naive
2012-02-13,JUNIN,0.0,0.10548922676418035,0.16815230203048653,0.2360004531208699,0.0,0.105,0.105,,0.168,0.168,,0.236,0.236,,0.0,0.0,,seasonal_naive
2012-02-20,JUNIN,0.07866681770695659,0.0,0.039003467406452136,0.0,0.0,-0.079,0.079,100.4,-0.04,0.04,50.8,-0.079,0.079,100.4,-0.079,0.079,100.4,holt_winters
2012-02-27,JUNIN,0.15733363541391324,0.0,0.02141924315875315,0.0,0.0,-0.157,0.157,99.8,-0.136,0.136,86.4,-0.157,0.157,99.8,-0.157,0.157,99.8,holt_winters
2012-03-05,JUNIN,0.15733363541391324,0.0,0.03213798751128145,0.0,0.0,-0.157,0.157,99.8,-0.125,0.125,79.4,-0.157,0.157,99.8,-0.157,0.157,99.8,holt_winters
2012-03-12,JUNIN,0.07866681770695659,0.0,0.04802157589882113,0.0,0.07923666565771971,-0.079,0.079,100.4,-0.031,0.031,39.4,-0.079,0.079,100.4,0.001,0.001,1.3,seasonal_naive
2012-03-19,JUNIN,0.07866681770695659,0.04262707312870094,0.1265227651151843,0.07866681770695659,0.07923666565771971,-0.036,0.036,45.8,0.048,0.048,61.0,0.0,0.0,0.0,0.001,0.001,1.3,naive
2012-03-26,JUNIN,0.07866681770695659,0.05788563048268442,0.12229930398984708,0.07866681770695659,0.2377099969731593,-0.021,0.021,26.7,0.044,0.044,55.9,0.0,0.0,0.0,0.159,0.159,202.1,naive
2012-04-02,JUNIN,0.15733363541391324,0.05906663127301913,0.12177238520364779,0.07866681770695659,0.15847333131543948,-0.098,0.098,62.3,-0.036,0.036,22.9,-0.079,0.079,50.2,0.001,0.001,0.6,seasonal_naive
2012-04-09,JUNIN,0.15733363541391324,0.05283090550787096,0.13085291112197991,0.07866681770695659,0.31694666263087906,-0.105,0.105,66.7,-0.026,0.026,16.5,-0.079,0.079,50.2,0.16,0.16,101.7,holt_winters
2012-04-16,JUNIN,0.15733363541391324,0.21234181844853608,0.20650237031905758,0.1573336354139132,0.2377099969731593,0.055,0.055,35.0,0.049,0.049,31.1,-0.0,0.0,0.0,0.08,0.08,50.8,naive
2012-04-23,JUNIN,0.07866681770695659,0.18805881770649088,0.2175904288056066,0.1573336354139132,0.31694666263087906,0.109,0.109,138.6,0.139,0.139,176.7,0.079,0.079,100.4,0.238,0.238,302.5,naive
2012-04-30,JUNIN,0.07866681770695659,0.18603813405964384,0.2599605592537507,0.1573336354139132,0.15847333131543948,0.107,0.107,136.0,0.181,0.181,230.1,0.079,0.079,100.4,0.08,0.08,101.7,naive
2012-05-07,JUNIN,0.23600045312086992,0.19620122104831375,0.300940823131116,0.1573336354139132,0.2377099969731593,-0.04,0.04,16.9,0.065,0.065,27.5,-0.079,0.079,33.5,0.002,0.002,0.8,seasonal_naive
2012-05-14,JUNIN,0.3146672708278266,0.294700662791989,0.219049106043915,0.2360004531208699,0.15847333131543948,-0.02,0.02,6.4,-0.096,0.096,30.5,-0.079,0.079,25.1,-0.156,0.156,49.6,arima
2012-05-21,JUNIN,0.23600045312086992,0.3379798366648987,0.2359092084321858,0.2360004531208699,0.15847333131543948,0.102,0.102,43.2,-0.0,0.0,0.0,-0.0,0.0,0.0,-0.078,0.078,33.1,holt_winters
2012-05-28,JUNIN,0.07866681770695659,0.2867247367215753,0.1600359776844039,0.2360004531208699,0.07923666565771971,0.208,0.208,264.4,0.081,0.081,103.0,0.157,0.157,199.6,0.001,0.001,1.3,seasonal_naive
2012-06-04,JUNIN,0.07866681770695659,0.3085402409782549,0.1621968671131213,0.2360004531208699,0.07923666565771971,0.23,0.23,292.4,0.084,0.084,106.8,0.157,0.157,199.6,0.001,0.001,1.3,seasonal_naive
2012-06-11,JUNIN,0.07866681770695659,0.10047176189913148,0.09007154046956359,0.07866681770695659,0.15847333131543948,0.022,0.022,28.0,0.011,0.011,14.0,0.0,0.0,0.0,0.08,0.08,101.7,naive
2012-06-18,JUNIN,0.07866681770695659,0.1364561093440857,0.04280065202709777,0.07866681770695659,0.07923666565771971,0.058,0.058,73.7,-0.036,0.036,45.8,0.0,0.0,0.0,0.001,0.001,1.3,naive
2012-06-25,JUNIN,0.0,0.10411099122409924,0.0,0.07866681770695659,0.07923666565771971,0.104,0.104,,0.0,0.0,,0.079,0.079,,0.079,0.079,,holt_winters
2012-07-02,JUNIN,0.24178027974632765,0.11533917618100631,0.0,0.07866681770695659,0.0,-0.126,0.126,52.1,-0.242,0.242,100.1,-0.163,0.163,67.4,-0.242,0.242,100.1,arima
2012-07-09,JUNIN,0.3204470974532843,0.3108609545827147,0.2576846535444334,0.24178027974632763,0.15847333131543948,-0.01,0.01,3.1,-0.063,0.063,19.7,-0.079,0.079,24.7,-0.162,0.162,50.6,arima
2012-07-16,JUNIN,0.3204470974532843,0.4367283633921889,0.3037738977812659,0.24178027974632763,0.15847333131543948,0.116,0.116,36.2,-0.017,0.017,5.3,-0.079,0.079,24.7,-0.162,0.162,50.6,holt_winters
2012-07-23,JUNIN,0.15733363541391324,0.3222512239173212,0.29696197006435926,0.24178027974632763,0.15847333131543948,0.165,0.165,104.9,0.14,0.14,89.0,0.084,0.084,53.4,0.001,0.001,0.6,seasonal_naive
2012-07-30,JUNIN,0.07866681770695659,0.3604126739623156,0.3072971099418482,0.24178027974632763,0.0,0.282,0.282,358.5,0.229,0.229,291.1,0.163,0.163,207.2,-0.079,0.079,100.4,seasonal_naive
2012-08-06,JUNIN,0.07866681770695659,0.10146566199442546,0.13866996446815186,0.07866681770695659,0.0,0.023,0.023,29.2,0.06,0.06,76.3,0.0,0.0,0.0,-0.079,0.079,100.4,naive
2012-08-13,JUNIN,0.23600045312086992,0.059643059311578525,0.16338157502270076,0.07866681770695659,0.0,-0.176,0.176,74.6,-0.073,0.073,30.9,-0.157,0.157,66.5,-0.236,0.236,100.0,holt_winters
2012-08-20,JUNIN,0.23600045312086992,0.08052969713526814,0.1741297669691603,0.07866681770695659,0.0,-0.155,0.155,65.7,-0.062,0.062,26.3,-0.157,0.157,66.5,-0.236,0.236,100.0,holt_winters
2012-08-27,JUNIN,0.23600045312086992,0.0810790461225573,0.17177892220494553,0.07866681770695659,0.07923666565771971,-0.155,0.155,65.7,-0.064,0.064,27.1,-0.157,0.157,66.5,-0.157,0.157,66.5,holt_winters
2012-09-03,JUNIN,0.07866681770695659,0.1517332343383993,0.2538761430838397,0.2360004531208699,0.07923666565771971,0.073,0.073,92.8,0.175,0.175,222.5,0.157,0.157,199.6,0.001,0.001,1.3,seasonal_naive
2012-09-10,JUNIN,0.15733363541391324,0.1570768232816936,0.25273268399906756,0.2360004531208699,0.15847333131543948,-0.0,0.0,0.0,0.095,0.095,60.4,0.079,0.079,50.2,0.001,0.001,0.6,arima
2012-09-17,JUNIN,0.15733363541391324,0.15628216059965877,0.24910258130433058,0.2360004531208699,0.2377099969731593,-0.001,0.001,0.6,0.092,0.092,58.5,0.079,0.079,50.2,0.08,0.08,50.8,arima
2012-09-24,JUNIN,0.15733363541391324,0.19964013791474144,0.18810316328313018,0.2360004531208699,0.2377099969731593,0.042,0.042,26.7,0.031,0.031,19.7,0.079,0.079,50.2,0.08,0.08,50.8,holt_winters
2012-10-01,JUNIN,0.07866681770695659,0.13494565595461402,0.09518257499991474,0.1573336354139132,0.15847333131543948,0.056,0.056,71.2,0.017,0.017,21.6,0.079,0.079,100.4,0.08,0.08,101.7,holt_winters
2012-10-08,JUNIN,0.07866681770695659,0.16722415006687574,0.1039958988661943,0.1573336354139132,0.0,0.089,0.089,113.1,0.025,0.025,31.8,0.079,0.079,100.4,-0.079,0.079,100.4,holt_winters
2012-10-15,JUNIN,0.15733363541391324,0.15225402722778622,0.0989148595094964,0.1573336354139132,0.0,-0.005,0.005,3.2,-0.058,0.058,36.9,-0.0,0.0,0.0,-0.157,0.157,99.8,naive
2012-10-22,JUNIN,0.15733363541391324,0.15086123284248426,0.11174307803227015,0.1573336354139132,0.07923666565771971,-0.006,0.006,3.8,-0.046,0.046,29.2,-0.0,0.0,0.0,-0.078,0.078,49.6,naive
2012-10-29,JUNIN,0.23600045312086992,0.19887707499026208,0.11984761828437294,0.1573336354139132,0.07923666565771971,-0.037,0.037,15.7,-0.116,0.116,49.2,-0.079,0.079,33.5,-0.157,0.157,66.5,arima
2012-11-05,JUNIN,0.07866681770695659,0.11791914722315203,0.09590132889241039,0.1573336354139132,0.07923666565771971,0.039,0.039,49.6,0.017,0.017,21.6,0.079,0.079,100.4,0.001,0.001,1.3,seasonal_naive
2012-11-12,JUNIN,0.07866681770695659,0.16060843261173216,0.0862004879273595,0.1573336354139132,0.0,0.082,0.082,104.2,0.008,0.008,10.2,0.079,0.079,100.4,-0.079,0.079,100.4,holt_winters
2012-11-19,JUNIN,0.07866681770695659,0.1598970783636389,0.08385145160507443,0.1573336354139132,0.0,0.081,0.081,103.0,0.005,0.005,6.4,0.079,0.079,100.4,-0.079,0.079,100.4,holt_winters
2012-11-26,JUNIN,0.07866681770695659,0.10306766009625173,0.09691879394591275,0.07866681770695659,0.0,0.024,0.024,30.5,0.018,0.018,22.9,0.0,0.0,0.0,-0.079,0.079,100.4,naive
2012-12-03,JUNIN,0.07866681770695659,0.1415830898708859,0.09738602838345174,0.07866681770695659,0.07923666565771971,0.063,0.063,80.1,0.019,0.019,24.2,0.0,0.0,0.0,0.001,0.001,1.3,naive
2012-12-10,JUNIN,0.15733363541391324,0.10369827433939605,0.0838435712447446,0.07866681770695659,0.07923666565771971,-0.054,0.054,34.3,-0.073,0.073,46.4,-0.079,0.079,50.2,-0.078,0.078,49.6,arima
2012-12-17,JUNIN,0.15733363541391324,0.11672051907760664,0.05279333989029153,0.07866681770695659,0.07923666565771971,-0.041,0.041,26.1,-0.105,0.105,66.7,-0.079,0.079,50.2,-0.078,0.078,49.6,arima
2012-12-24,JUNIN,0.23600045312086992,0.21941301887084305,0.1325507279773206,0.1573336354139132,0.0,-0.017,0.017,7.2,-0.103,0.103,43.6,-0.079,0.079,33.5,-0.236,0.236,100.0,arima
2012-12-31,JUNIN,0.07866681770695659,0.12768416589925582,0.22043495115209213,0.1573336354139132,0.2360004531208699,0.049,0.049,62.3,0.142,0.142,180.5,0.079,0.079,100.4,0.157,0.157,199.6,arima
2013-01-07,JUNIN,0.07866681770695659,0.1715629913305005,0.22272158967138359,0.1573336354139132,0.2360004531208699,0.093,0.093,118.2,0.144,0.144,183.1,0.079,0.079,100.4,0.157,0.157,199.6,naive
2013-01-14,JUNIN,0.0,0.1737938539625387,0.2610021728577469,0.1573336354139132,0.2360004531208699,0.174,0.174,,0.261,0.261,,0.157,0.157,,0.236,0.236,,naive
2013-01-21,JUNIN,0.0,0.0,0.0,0.0,0.0,0.0,0.0,,0.0,0.0,,0.0,0.0,,0.0,0.0,,arima
2013-01-28,JUNIN,0.07810510760540668,0.0,0.0,0.0,0.0,-0.078,0.078,99.9,-0.078,0.078,99.9,-0.078,0.078,99.9,-0.078,0.078,99.9,arima
2013-02-04,JUNIN,0.23431532281622017,0.0,0.0,0.0,0.0,-0.234,0.234,99.9,-0.234,0.234,99.9,-0.234,0.234,99.9,-0.234,0.234,99.9,arima
2013-02-11,JUNIN,0.23431532281622017,0.0,0.0,0.0,0.0,-0.234,0.234,99.9,-0.234,0.234,99.9,-0.234,0.234,99.9,-0.234,0.234,99.9,arima
2013-02-18,JUNIN,0.23431532281622017,0.23729527308487133,0.2797751426559797,0.2343153228162202,0.07866681770695659,0.003,0.003,1.3,0.045,0.045,19.2,0.0,0.0,0.0,-0.156,0.156,66.6,naive
2013-02-25,JUNIN,0.07810510760540668,0.17572062914684822,0.2922180139813964,0.2343153228162202,0.1573336354139132,0.098,0.098,125.5,0.214,0.214,274.0,0.156,0.156,199.7,0.079,0.079,101.1,seasonal_naive
2013-03-04,JUNIN,0.15621021521081344,0.22054611553651673,0.3187737397725502,0.2343153228162202,0.1573336354139132,0.064,0.064,41.0,0.163,0.163,104.3,0.078,0.078,49.9,0.001,0.001,0.6,seasonal_naive
2013-03-11,JUNIN,0.07810510760540668,0.21036267579153284,0.3098275700677168,0.2343153228162202,0.07866681770695659,0.132,0.132,169.0,0.232,0.232,297.0,0.156,0.156,199.7,0.001,0.001,1.3,seasonal_naive
2013-03-18,JUNIN,0.15621021521081344,0.12287078917748794,0.10064028229319932,0.07810510760540666,0.07866681770695659,-0.033,0.033,21.1,-0.056,0.056,35.8,-0.078,0.078,49.9,-0.078,0.078,49.9,arima
2013-03-25,JUNIN,0.07810510760540668,0.07507814505441215,0.10393142161219021,0.07810510760540666,0.07866681770695659,-0.003,0.003,3.8,0.026,0.026,33.3,-0.0,0.0,0.0,0.001,0.001,1.3,naive
2013-04-01,JUNIN,0.31242043042162687,0.09452229810159633,0.1087976902002538,0.07810510760540666,0.1573336354139132,-0.218,0.218,69.8,-0.204,0.204,65.3,-0.234,0.234,74.9,-0.155,0.155,49.6,seasonal_naive
2013-04-08,JUNIN,0.31242043042162687,0.0973262068291095,0.12248674968772376,0.07810510760540666,0.1573336354139132,-0.215,0.215,68.8,-0.19,0.19,60.8,-0.234,0.234,74.9,-0.155,0.155,49.6,seasonal_naive
2013-04-15,JUNIN,0.31242043042162687,0.4270668858482683,0.3406882096252829,0.31242043042162687,0.1573336354139132,0.115,0.115,36.8,0.028,0.028,9.0,0.0,0.0,0.0,-0.155,0.155,49.6,naive
2013-04-22,JUNIN,0.23431532281622017,0.3158908537675681,0.3547184305009185,0.31242043042162687,0.07866681770695659,0.082,0.082,35.0,0.12,0.12,51.2,0.078,0.078,33.3,-0.156,0.156,66.6,naive
2013-04-29,JUNIN,0.15621021521081344,0.3582393244234295,0.3710161859255663,0.31242043042162687,0.07866681770695659,0.202,0.202,129.3,0.215,0.215,137.6,0.156,0.156,99.9,-0.078,0.078,49.9,seasonal_naive
2013-05-06,JUNIN,0.23431532281622017,0.3654675275744932,0.4367283633921889,0.31242043042162687,0.2360004531208699,0.131,0.131,55.9,0.202,0.202,86.2,0.078,0.078,33.3,0.002,0.002,0.9,seasonal_naive
2013-05-13,JUNIN,0.15621021521081344,0.1523139581482764,0.22881678756567247,0.2343153228162202,0.31466727082782653,-0.004,0.004,2.6,0.073,0.073,46.7,0.078,0.078,49.9,0.158,0.158,101.1,arima
2013-05-20,JUNIN,0.23431532281622025,0.21419915234560435,0.24193639383511253,0.2343153228162202,0.2360004531208699,-0.02,0.02,8.5,0.008,0.008,3.4,-0.0,0.0,0.0,0.002,0.002,0.9,naive
2013-05-27,JUNIN,0.15621021521081344,0.19597874050350567,0.17531527484376833,0.2343153228162202,0.07866681770695659,0.04,0.04,25.6,0.019,0.019,12.2,0.078,0.078,49.9,-0.078,0.078,49.9,holt_winters
2013-06-03,JUNIN,0.15621021521081344,0.1863347694896767,0.16729002720506142,0.2343153228162202,0.07866681770695659,0.03,0.03,19.2,0.011,0.011,7.0,0.078,0.078,49.9,-0.078,0.078,49.9,holt_winters
2013-06-10,JUNIN,0.15621021521081344,0.14539703499977888,0.10415690750163764,0.15621021521081346,0.07866681770695659,-0.011,0.011,7.0,-0.052,0.052,33.3,0.0,0.0,0.0,-0.078,0.078,49.9,naive
2013-06-17,JUNIN,0.23431532281622025,0.17397184397844076,0.06303042962589496,0.15621021521081346,0.07866681770695659,-0.06,0.06,25.6,-0.171,0.171,73.0,-0.078,0.078,33.3,-0.156,0.156,66.6,arima
2013-06-24,JUNIN,0.15621021521081344,0.1553162706098215,0.017676368808345125,0.15621021521081346,0.0,-0.001,0.001,0.6,-0.139,0.139,89.0,0.0,0.0,0.0,-0.156,0.156,99.9,naive
2013-07-01,JUNIN,0.23431532281622017,0.1586390761151898,0.006420589787158616,0.15621021521081346,0.24178027974632763,-0.076,0.076,32.4,-0.228,0.228,97.3,-0.078,0.078,33.3,0.007,0.007,3.0,seasonal_naive
2013-07-08,JUNIN,0.39052553802703366,0.20419140648061482,0.29451798292576203,0.2343153228162202,0.32044709745328437,-0.186,0.186,47.6,-0.096,0.096,24.6,-0.156,0.156,39.9,-0.07,0.07,17.9,seasonal_naive
2013-07-15,JUNIN,0.5467357532378472,0.2749891611807964,0.3059706221821342,0.2343153228162202,0.32044709745328437,-0.272,0.272,49.7,-0.241,0.241,44.1,-0.312,0.312,57.1,-0.226,0.226,41.3,seasonal_naive
2013-07-22,JUNIN,0.46863064563244033,0.22874193432054224,0.2662152096277974,0.2343153228162202,0.1573336354139132,-0.24,0.24,51.2,-0.202,0.202,43.1,-0.234,0.234,49.9,-0.311,0.311,66.4,holt_winters
2013-07-29,JUNIN,0.3124204304216269,0.23796056199358095,0.24321893132823003,0.2343153228162202,0.07866681770695659,-0.074,0.074,23.7,-0.069,0.069,22.1,-0.078,0.078,25.0,-0.234,0.234,74.9,holt_winters
2013-08-05,JUNIN,0.15621021521081344,0.28612737097460883,0.41465948289415416,0.3124204304216269,0.07866681770695659,0.13,0.13,83.2,0.258,0.258,165.2,0.156,0.156,99.9,-0.078,0.078,49.9,seasonal_naive
2013-08-12,JUNIN,0.07810510760540668,0.3002402921106411,0.45469816328986684,0.3124204304216269,0.2360004531208699,0.222,0.222,284.2,0.377,0.377,482.7,0.234,0.234,299.6,0.158,0.158,202.3,seasonal_naive
2013-08-19,JUNIN,0.0,0.2992923367366561,0.49250948150564167,0.3124204304216269,0.2360004531208699,0.299,0.299,,0.493,0.493,,0.312,0.312,,0.236,0.236,,seasonal_naive
2013-08-26,JUNIN,0.0,0.2944589098811148,0.45712720209194935,0.3124204304216269,0.2360004531208699,0.294,0.294,,0.457,0.457,,0.312,0.312,,0.236,0.236,,seasonal_naive
2013-09-02,JUNIN,0.15621021521081344,0.001041134626979033,0.0,0.0,0.07866681770695659,-0.155,0.155,99.2,-0.156,0.156,99.9,-0.156,0.156,99.9,-0.078,0.078,49.9,seasonal_naive
2013-09-09,JUNIN,0.15621021521081344,0.0,0.0,0.0,0.1573336354139132,-0.156,0.156,99.9,-0.156,0.156,99.9,-0.156,0.156,99.9,0.001,0.001,0.6,seasonal_naive
2013-09-16,JUNIN,0.3979904949571411,0.0,0.0,0.0,0.1573336354139132,-0.398,0.398,100.0,-0.398,0.398,100.0,-0.398,0.398,100.0,-0.241,0.241,60.6,seasonal_naive
2013-09-23,JUNIN,0.3198853873517344,0.0,0.0,0.0,0.1573336354139132,-0.32,0.32,100.0,-0.32,0.32,100.0,-0.32,0.32,100.0,-0.163,0.163,51.0,seasonal_naive
2013-09-30,JUNIN,0.3198853873517344,0.44093400800248883,0.27937486269387707,0.31988538735173433,0.07866681770695659,0.121,0.121,37.8,-0.041,0.041,12.8,-0.0,0.0,0.0,-0.241,0.241,75.3,naive
2013-10-07,JUNIN,0.07810510760540668,0.3664985980077095,0.2736787654666111,0.31988538735173433,0.07866681770695659,0.288,0.288,368.7,0.196,0.196,250.9,0.242,0.242,309.8,0.001,0.001,1.3,seasonal_naive
2013-10-14,JUNIN,0.07810510760540668,0.38184853219947373,0.28855531131010165,0.31988538735173433,0.1573336354139132,0.304,0.304,389.2,0.21,0.21,268.9,0.242,0.242,309.8,0.079,0.079,101.1,seasonal_naive
2013-10-21,JUNIN,0.15621021521081344,0.39514615096858485,0.3053185093608391,0.31988538735173433,0.1573336354139132,0.239,0.239,153.0,0.149,0.149,95.4,0.164,0.164,105.0,0.001,0.001,0.6,seasonal_naive
2013-10-28,JUNIN,0.23431532281622025,0.24081623815271416,0.13144042066070552,0.15621021521081346,0.2360004531208699,0.007,0.007,3.0,-0.103,0.103,44.0,-0.078,0.078,33.3,0.002,0.002,0.9,seasonal_naive
2013-11-04,JUNIN,0.15621021521081344,0.22758911520685998,0.07804840934613651,0.15621021521081346,0.07866681770695659,0.071,0.071,45.5,-0.078,0.078,49.9,0.0,0.0,0.0,-0.078,0.078,49.9,naive
2013-11-11,JUNIN,0.07810510760540668,0.20735651466841573,0.06891902185844692,0.15621021521081346,0.07866681770695659,0.129,0.129,165.2,-0.009,0.009,11.5,0.078,0.078,99.9,0.001,0.001,1.3,seasonal_naive
2013-11-18,JUNIN,0.0,0.22759097207506662,0.050312357815508815,0.15621021521081346,0.07866681770695659,0.228,0.228,,0.05,0.05,,0.156,0.156,,0.079,0.079,,holt_winters
2013-11-25,JUNIN,0.07810510760540668,0.0,0.004582978949731391,0.0,0.07866681770695659,-0.078,0.078,99.9,-0.074,0.074,94.7,-0.078,0.078,99.9,0.001,0.001,1.3,seasonal_naive
2013-12-02,JUNIN,0.07810510760540668,0.0,0.0,0.0,0.07866681770695659,-0.078,0.078,99.9,-0.078,0.078,99.9,-0.078,0.078,99.9,0.001,0.001,1.3,seasonal_naive
2013-12-09,JUNIN,0.07810510760540668,0.0,0.004896952088567669,0.0,0.1573336354139132,-0.078,0.078,99.9,-0.073,0.073,93.5,-0.078,0.078,99.9,0.079,0.079,101.1,holt_winters
2013-12-16,JUNIN,0.0,0.0,0.0,0.0,0.1573336354139132,0.0,0.0,,0.0,0.0,,0.0,0.0,,0.157,0.157,,arima
2013-12-23,JUNIN,0.07810510760540668,0.0,0.0031744618506252815,0.0,0.2360004531208699,-0.078,0.078,99.9,-0.075,0.075,96.0,-0.078,0.078,99.9,0.158,0.158,202.3,holt_winters
2013-12-30,JUNIN,0.07810510760540668,0.012729866838648945,0.02996581285838495,0.0,0.07866681770695659,-0.065,0.065,83.2,-0.048,0.048,61.5,-0.078,0.078,99.9,0.001,0.001,1.3,seasonal_naive
2014-01-06,JUNIN,0.07810510760540668,0.0,0.026560593286100737,0.0,0.07866681770695659,-0.078,0.078,99.9,-0.052,0.052,66.6,-0.078,0.078,99.9,0.001,0.001,1.3,seasonal_naive
2014-01-13,JUNIN,0.0,0.0,0.05389078163698302,0.0,0.0,0.0,0.0,,0.054,0.054,,0.0,0.0,,0.0,0.0,,arima
2014-01-20,JUNIN,0.15510272453445909,0.03284043626612025,0.0,0.0,0.0,-0.122,0.122,78.7,-0.155,0.155,99.9,-0.155,0.155,99.9,-0.155,0.155,99.9,arima
2014-01-27,JUNIN,0.15510272453445909,0.021383274876698773,0.0,0.0,0.07810510760540666,-0.134,0.134,86.4,-0.155,0.155,99.9,-0.155,0.155,99.9,-0.077,0.077,49.6,seasonal_naive
2014-02-03,JUNIN,0.15510272453445909,0.0182260101792717,0.0,0.0,0.2343153228162202,-0.137,0.137,88.3,-0.155,0.155,99.9,-0.155,0.155,99.9,0.079,0.079,50.9,seasonal_naive
2014-02-10,JUNIN,0.0,0.02479551982844978,0.0,0.0,0.2343153228162202,0.025,0.025,,0.0,0.0,,0.0,0.0,,0.234,0.234,,holt_winters
2014-02-17,JUNIN,0.0,0.0,0.03315719358503247,0.0,0.2343153228162202,0.0,0.0,,0.033,0.033,,0.0,0.0,,0.234,0.234,,arima
2014-02-24,JUNIN,0.0,0.0,0.017141709373455567,0.0,0.07810510760540666,0.0,0.0,,0.017,0.017,,0.0,0.0,,0.078,0.078,,arima
2014-03-03,JUNIN,0.0,0.0,0.05836248911977945,0.0,0.15621021521081346,0.0,0.0,,0.058,0.058,,0.0,0.0,,0.156,0.156,,arima
2014-03-10,JUNIN,0.0,0.0,0.029423314644298475,0.0,0.07810510760540666,0.0,0.0,,0.029,0.029,,0.0,0.0,,0.078,0.078,,arima
2014-03-17,JUNIN,0.0,0.0,0.0180379431027088,0.0,0.15621021521081346,0.0,0.0,,0.018,0.018,,0.0,0.0,,0.156,0.156,,arima
2014-03-24,JUNIN,0.0,0.015770130329907643,0.012859502259966222,0.0,0.07810510760540666,0.016,0.016,,0.013,0.013,,0.0,0.0,,0.078,0.078,,naive
2014-03-31,JUNIN,0.0,0.0,0.07860777179766142,0.0,0.31242043042162687,0.0,0.0,,0.079,0.079,,0.0,0.0,,0.312,0.312,,arima
2014-04-07,JUNIN,0.0,0.0012884611886585025,0.096034220343457,0.0,0.31242043042162687,0.001,0.001,,0.096,0.096,,0.0,0.0,,0.312,0.312,,naive
2014-04-14,JUNIN,0.0,0.03030756274675676,0.0,0.0,0.31242043042162687,0.03,0.03,,0.0,0.0,,0.0,0.0,,0.312,0.312,,holt_winters
2014-04-21,JUNIN,0.0,0.01916732084275856,0.0,0.0,0.2343153228162202,0.019,0.019,,0.0,0.0,,0.0,0.0,,0.234,0.234,,holt_winters
2014-04-28,JUNIN,0.15510272453445909,0.016359396106940382,0.0,0.0,0.15621021521081346,-0.139,0.139,89.6,-0.155,0.155,99.9,-0.155,0.155,99.9,0.001,0.001,0.6,seasonal_naive
2014-05-05,JUNIN,0.15510272453445909,0.02258497769314522,0.014933087991144752,0.0,0.2343153228162202,-0.133,0.133,85.7,-0.14,0.14,90.3,-0.155,0.155,99.9,0.079,0.079,50.9,seasonal_naive
2014-05-12,JUNIN,0.3102054490689183,0.19441158670151662,0.1017350250730395,0.15510272453445906,0.15621021521081346,-0.116,0.116,37.4,-0.208,0.208,67.1,-0.155,0.155,50.0,-0.154,0.154,49.6,arima
2014-05-19,JUNIN,0.3102054490689183,0.09270215332547324,0.14947161875944678,0.15510272453445906,0.23431532281622028,-0.218,0.218,70.3,-0.161,0.161,51.9,-0.155,0.155,50.0,-0.076,0.076,24.5,seasonal_naive
2014-05-26,JUNIN,0.4653081736033775,0.15381527942609133,0.09954228261025204,0.15510272453445906,0.15621021521081346,-0.311,0.311,66.8,-0.366,0.366,78.7,-0.31,0.31,66.6,-0.309,0.309,66.4,seasonal_naive
2014-06-02,JUNIN,0.38775681133614787,0.14503820346962973,0.10603714798873556,0.15510272453445906,0.15621021521081346,-0.243,0.243,62.7,-0.282,0.282,72.7,-0.233,0.233,60.1,-0.232,0.232,59.8,seasonal_naive
2014-06-09,JUNIN,0.23265408680168867,0.3384496733274869,0.3724092273479596,0.38775681133614787,0.15621021521081346,0.106,0.106,45.6,0.14,0.14,60.2,0.155,0.155,66.6,-0.076,0.076,32.7,seasonal_naive
2014-06-16,JUNIN,0.15510272453445909,0.3527784883219071,0.33853762159884976,0.38775681133614787,0.23431532281622028,0.198,0.198,127.7,0.183,0.183,118.0,0.233,0.233,150.2,0.079,0.079,50.9,seasonal_naive
2014-06-23,JUNIN,0.15510272453445909,0.3605709158085071,0.2769218731968719,0.38775681133614787,0.15621021521081346,0.205,0.205,132.2,0.122,0.122,78.7,0.233,0.233,150.2,0.001,0.001,0.6,seasonal_naive
2014-06-30,JUNIN,0.23265408680168875,0.34907551666742354,0.3417101156567378,0.38775681133614787,0.2343153228162202,0.116,0.116,49.9,0.109,0.109,46.9,0.155,0.155,66.6,0.002,0.002,0.9,seasonal_naive
2014-07-07,JUNIN,0.3102054490689183,0.289663764042968,0.33682463535658136,0.2326540868016887,0.39052553802703366,-0.021,0.021,6.8,0.027,0.027,8.7,-0.078,0.078,25.1,0.08,0.08,25.8,arima
2014-07-14,JUNIN,0.23265408680168867,0.2795397023398307,0.35474776193707824,0.2326540868016887,0.5467357532378472,0.047,0.047,20.2,0.122,0.122,52.4,0.0,0.0,0.0,0.314,0.314,135.0,naive
2014-07-21,JUNIN,0.23265408680168867,0.2650007310337527,0.29756259309060606,0.2326540868016887,0.4686306456324403,0.032,0.032,13.8,0.065,0.065,27.9,0.0,0.0,0.0,0.236,0.236,101.4,naive
2014-07-28,JUNIN,0.07755136226722951,0.28001930078742737,0.22718645903772386,0.2326540868016887,0.3124204304216269,0.202,0.202,260.5,0.15,0.15,193.4,0.155,0.155,199.9,0.235,0.235,303.0,holt_winters
2014-08-04,JUNIN,0.07755136226722951,0.07921426398408754,0.10596647072251128,0.07755136226722951,0.15621021521081346,0.002,0.002,2.6,0.028,0.028,36.1,0.0,0.0,0.0,0.079,0.079,101.9,naive
2014-08-11,JUNIN,0.07755136226722951,0.00976484372546832,0.12119302929925332,0.07755136226722951,0.07810510760540666,-0.068,0.068,87.7,0.044,0.044,56.7,0.0,0.0,0.0,0.001,0.001,1.3,naive
2014-08-18,JUNIN,0.07755136226722951,0.06205421914062535,0.13319684016371397,0.07755136226722951,0.0,-0.015,0.015,19.3,0.056,0.056,72.2,0.0,0.0,0.0,-0.078,0.078,100.6,naive
2014-08-25,JUNIN,0.07755136226722951,0.048293845820463546,0.10661152239179346,0.07755136226722951,0.0,-0.029,0.029,37.4,0.029,0.029,37.4,0.0,0.0,0.0,-0.078,0.078,100.6,naive
2014-09-01,JUNIN,0.0,0.017138065953409172,0.07941507308280304,0.07755136226722951,0.15621021521081346,0.017,0.017,,0.079,0.079,,0.078,0.078,,0.156,0.156,,arima
2014-09-08,JUNIN,0.07755136226722951,0.06275938881167976,0.09510229076899321,0.07755136226722951,0.15621021521081346,-0.015,0.015,19.3,0.018,0.018,23.2,0.0,0.0,0.0,0.079,0.079,101.9,naive
2014-09-15,JUNIN,0.07755136226722951,0.050993701972530746,0.1637701953867623,0.07755136226722951,0.3979904949571411,-0.027,0.027,34.8,0.086,0.086,110.9,0.0,0.0,0.0,0.32,0.32,412.6,naive
2014-09-22,JUNIN,0.15510272453445909,0.041781229111301936,0.15923504243403946,0.07755136226722951,0.31988538735173433,-0.113,0.113,72.9,0.004,0.004,2.6,-0.078,0.078,50.3,0.165,0.165,106.4,holt_winters
2014-09-29,JUNIN,0.07755136226722951,0.17717910410724577,0.10370363510337974,0.15510272453445906,0.31988538735173433,0.1,0.1,128.9,0.026,0.026,33.5,0.078,0.078,100.6,0.242,0.242,312.1,holt_winters
2014-10-06,JUNIN,0.07755136226722951,0.19935508259855844,0.059247903615339825,0.15510272453445906,0.07810510760540666,0.122,0.122,157.3,-0.018,0.018,23.2,0.078,0.078,100.6,0.001,0.001,1.3,seasonal_naive
2014-10-13,JUNIN,0.0,0.1735243582734941,0.07543947633944728,0.15510272453445906,0.07810510760540666,0.174,0.174,,0.075,0.075,,0.155,0.155,,0.078,0.078,,holt_winters
2014-10-20,JUNIN,0.15510272453445909,0.18457652701607113,0.10844723025842093,0.15510272453445906,0.15621021521081346,0.029,0.029,18.7,-0.047,0.047,30.3,-0.0,0.0,0.0,0.001,0.001,0.6,naive
2014-10-27,JUNIN,0.15510272453445909,0.1435013649452409,0.1375312858734498,0.15510272453445906,0.23431532281622028,-0.012,0.012,7.7,-0.018,0.018,11.6,-0.0,0.0,0.0,0.079,0.079,50.9,naive
2014-11-03,JUNIN,0.15510272453445909,0.19406263397161447,0.08088696110038017,0.15510272453445906,0.15621021521081346,0.039,0.039,25.1,-0.074,0.074,47.7,-0.0,0.0,0.0,0.001,0.001,0.6,naive
2014-11-10,JUNIN,0.0,0.10803179315533651,0.06551508795485837,0.15510272453445906,0.07810510760540666,0.108,0.108,,0.066,0.066,,0.155,0.155,,0.078,0.078,,holt_winters
2014-11-17,JUNIN,0.0,0.12171887954799375,0.03799579108680684,0.15510272453445906,0.0,0.122,0.122,,0.038,0.038,,0.155,0.155,,0.0,0.0,,seasonal_naive
2014-11-24,JUNIN,0.07755136226722951,0.0,0.016659224978973236,0.0,0.07810510760540666,-0.078,0.078,100.6,-0.061,0.061,78.7,-0.078,0.078,100.6,0.001,0.001,1.3,seasonal_naive
2014-12-01,JUNIN,0.07755136226722951,0.026230003309421372,0.0004859028995263094,0.0,0.07810510760540666,-0.051,0.051,65.8,-0.077,0.077,99.3,-0.078,0.078,100.6,0.001,0.001,1.3,seasonal_naive
2014-12-08,JUNIN,0.07755136226722951,0.0008871653758515315,0.013316418005142041,0.0,0.07810510760540666,-0.077,0.077,99.3,-0.064,0.064,82.5,-0.078,0.078,100.6,0.001,0.001,1.3,seasonal_naive
2014-12-15,JUNIN,0.0,0.0055659330386214805,0.0,0.0,0.0,0.006,0.006,,0.0,0.0,,0.0,0.0,,0.0,0.0,,holt_winters
2014-12-22,JUNIN,0.0,0.004768817610804582,0.02637508957405286,0.0,0.07810510760540666,0.005,0.005,,0.026,0.026,,0.0,0.0,,0.078,0.078,,naive
2014-12-29,JUNIN,0.0,0.0025506664932612396,0.03827656940343075,0.0,0.07810510760540666,0.003,0.003,,0.038,0.038,,0.0,0.0,,0.078,0.078,,naive
2015-01-05,JUNIN,0.07700541348056762,0.04121162919466916,0.03533497239228935,0.0,0.07810510760540666,-0.036,0.036,46.7,-0.042,0.042,54.5,-0.077,0.077,100.0,0.001,0.001,1.3,seasonal_naive
2015-01-12,JUNIN,0.07700541348056762,0.03554493436550713,0.032452721263797224,0.0,0.0,-0.041,0.041,53.2,-0.045,0.045,58.4,-0.077,0.077,100.0,-0.077,0.077,100.0,arima
2015-01-19,JUNIN,0.07700541348056762,0.07923067026668366,0.049781904563263625,0.07700541348056762,0.15510272453445906,0.002,0.002,2.6,-0.027,0.027,35.1,0.0,0.0,0.0,0.078,0.078,101.3,naive
2015-01-26,JUNIN,0.07700541348056762,0.040023445305453556,0.07627261921356394,0.07700541348056762,0.15510272453445906,-0.037,0.037,48.0,-0.001,0.001,1.3,0.0,0.0,0.0,0.078,0.078,101.3,naive
2015-02-02,JUNIN,0.1540108269611353,0.04322644319447813,0.08190837734304787,0.07700541348056762,0.15510272453445906,-0.111,0.111,72.1,-0.072,0.072,46.7,-0.077,0.077,50.0,0.001,0.001,0.6,seasonal_naive
2015-02-09,JUNIN,0.1540108269611353,0.0409075198515428,0.05758795653878006,0.07700541348056762,0.0,-0.113,0.113,73.4,-0.096,0.096,62.3,-0.077,0.077,50.0,-0.154,0.154,100.0,naive
2015-02-16,JUNIN,0.07700541348056762,0.137328941045636,0.16817384032551466,0.1540108269611353,0.0,0.06,0.06,77.9,0.091,0.091,118.2,0.077,0.077,100.0,-0.077,0.077,100.0,arima
2015-02-23,JUNIN,0.0,0.1333532425150826,0.15198258352795782,0.1540108269611353,0.0,0.133,0.133,,0.152,0.152,,0.154,0.154,,0.0,0.0,,seasonal_naive
2015-03-02,JUNIN,0.07700541348056762,0.14245030618638177,0.16710617224679108,0.1540108269611353,0.0,0.065,0.065,84.4,0.09,0.09,116.9,0.077,0.077,100.0,-0.077,0.077,100.0,arima
2015-03-09,JUNIN,0.1540108269611353,0.13692858437690267,0.1511837045266498,0.1540108269611353,0.0,-0.017,0.017,11.0,-0.003,0.003,1.9,0.0,0.0,0.0,-0.154,0.154,100.0,naive
2015-03-16,JUNIN,0.23101624044170307,0.19358428728056534,0.15921917275406428,0.1540108269611353,0.0,-0.037,0.037,16.0,-0.072,0.072,31.2,-0.077,0.077,33.3,-0.231,0.231,100.0,arima
2015-03-23,JUNIN,0.1540108269611353,0.14754145717815825,0.17327250294500326,0.1540108269611353,0.0,-0.006,0.006,3.9,0.019,0.019,12.3,0.0,0.0,0.0,-0.154,0.154,100.0,naive
2015-03-30,JUNIN,0.07700541348056762,0.11314495361092314,0.2386827212635786,0.1540108269611353,0.0,0.036,0.036,46.7,0.162,0.162,210.4,0.077,0.077,100.0,-0.077,0.077,100.0,arima
2015-04-06,JUNIN,0.0,0.09697961845328779,0.2693133291842061,0.1540108269611353,0.0,0.097,0.097,,0.269,0.269,,0.154,0.154,,0.0,0.0,,seasonal_naive
2015-04-13,JUNIN,0.0,0.03754438383171455,0.0,0.0,0.0,0.038,0.038,,0.0,0.0,,0.0,0.0,,0.0,0.0,,holt_winters
2015-04-20,JUNIN,0.0,0.07045158051324416,0.0,0.0,0.0,0.07,0.07,,0.0,0.0,,0.0,0.0,,0.0,0.0,,holt_winters
2015-04-27,JUNIN,0.0,0.10968812518416421,0.0,0.0,0.15510272453445906,0.11,0.11,,0.0,0.0,,0.0,0.0,,0.155,0.155,,holt_winters
2015-05-04,JUNIN,0.0,0.08573450990080045,0.051134917165608036,0.0,0.15510272453445906,0.086,0.086,,0.051,0.051,,0.0,0.0,,0.155,0.155,,naive
2015-05-11,JUNIN,0.1540108269611353,0.0015244922620636454,0.020146099235583716,0.0,0.3102054490689183,-0.152,0.152,98.7,-0.134,0.134,87.0,-0.154,0.154,100.0,0.156,0.156,101.3,holt_winters
2015-05-18,JUNIN,0.231016240441703,0.027190950654121943,0.04471680097236007,0.0,0.3102054490689183,-0.204,0.204,88.3,-0.186,0.186,80.5,-0.231,0.231,100.0,0.079,0.079,34.2,seasonal_naive
2015-05-25,JUNIN,0.231016240441703,0.007513108609682422,0.0,0.0,0.46530817360337745,-0.224,0.224,97.0,-0.231,0.231,100.0,-0.231,0.231,100.0,0.234,0.234,101.3,arima
2015-06-01,JUNIN,0.1540108269611353,0.013069165346970474,0.0,0.0,0.38775681133614787,-0.141,0.141,91.6,-0.154,0.154,100.0,-0.154,0.154,100.0,0.234,0.234,151.9,arima
2015-06-08,JUNIN,0.07700541348056762,0.1568746218680655,0.14529854131263178,0.1540108269611353,0.23265408680168864,0.08,0.08,103.9,0.068,0.068,88.3,0.077,0.077,100.0,0.156,0.156,202.6,holt_winters
2015-06-15,JUNIN,0.07700541348056762,0.17185604644723002,0.12861656970330657,0.1540108269611353,0.15510272453445906,0.095,0.095,123.4,0.052,0.052,67.5,0.077,0.077,100.0,0.078,0.078,101.3,holt_winters
2015-06-22,JUNIN,0.0,0.15992865487413252,0.07988933025364692,0.1540108269611353,0.15510272453445906,0.16,0.16,,0.08,0.08,,0.154,0.154,,0.155,0.155,,holt_winters
2015-06-29,JUNIN,0.0,0.16327994066082108,0.13934398240475152,0.1540108269611353,0.2326540868016887,0.163,0.163,,0.139,0.139,,0.154,0.154,,0.233,0.233,,holt_winters
2015-07-06,JUNIN,0.0,0.0,0.11642135058126557,0.0,0.3102054490689183,0.0,0.0,,0.116,0.116,,0.0,0.0,,0.31,0.31,,arima
2015-07-13,JUNIN,0.0,0.035445152543248454,0.11065113967625852,0.0,0.23265408680168864,0.035,0.035,,0.111,0.111,,0.0,0.0,,0.233,0.233,,naive
2015-07-20,JUNIN,0.0,0.03288161990520312,0.05865318931200537,0.0,0.23265408680168864,0.033,0.033,,0.059,0.059,,0.0,0.0,,0.233,0.233,,naive
2015-07-27,JUNIN,0.0,0.034939682221139017,0.0,0.0,0.07755136226722951,0.035,0.035,,0.0,0.0,,0.0,0.0,,0.078,0.078,,holt_winters
2015-08-03,JUNIN,0.0,0.008486806203709283,0.0,0.0,0.07755136226722951,0.008,0.008,,0.0,0.0,,0.0,0.0,,0.078,0.078,,holt_winters
2015-08-10,JUNIN,0.07700541348056762,0.026214275523964832,0.0,0.0,0.07755136226722951,-0.051,0.051,66.2,-0.077,0.077,100.0,-0.077,0.077,100.0,0.001,0.001,1.3,seasonal_naive
2015-08-17,JUNIN,0.07700541348056762,0.010075694717639569,0.0,0.0,0.07755136226722951,-0.067,0.067,87.0,-0.077,0.077,100.0,-0.077,0.077,100.0,0.001,0.001,1.3,seasonal_naive
2015-08-24,JUNIN,0.07700541348056762,0.01552283738543315,0.0,0.0,0.07755136226722951,-0.061,0.061,79.2,-0.077,0.077,100.0,-0.077,0.077,100.0,0.001,0.001,1.3,seasonal_naive
2015-08-31,JUNIN,0.0,0.037722171458503984,0.06360030072485574,0.07700541348056762,0.0,0.038,0.038,,0.064,0.064,,0.077,0.077,,0.0,0.0,,seasonal_naive
2015-09-07,JUNIN,0.07700541348056762,0.04064871296226793,0.11069567349112053,0.07700541348056762,0.07755136226722951,-0.036,0.036,46.7,0.034,0.034,44.2,0.0,0.0,0.0,0.001,0.001,1.3,naive
2015-09-14,JUNIN,0.07700541348056762,0.039989125125076706,0.16921009077999835,0.07700541348056762,0.07755136226722951,-0.037,0.037,48.0,0.092,0.092,119.5,0.0,0.0,0.0,0.001,0.001,1.3,naive
2015-09-21,JUNIN,0.07700541348056762,0.059585926610659375,0.17216244326705188,0.07700541348056762,0.15510272453445906,-0.017,0.017,22.1,0.095,0.095,123.4,0.0,0.0,0.0,0.078,0.078,101.3,naive
2015-09-28,JUNIN,0.0,0.035121377864739296,0.020518506802645258,0.07700541348056762,0.07755136226722951,0.035,0.035,,0.021,0.021,,0.077,0.077,,0.078,0.078,,holt_winters
2015-10-05,JUNIN,0.1540108269611353,0.038572752886356275,0.0,0.07700541348056762,0.07755136226722951,-0.115,0.115,74.7,-0.154,0.154,100.0,-0.077,0.077,50.0,-0.076,0.076,49.3,seasonal_naive
2015-10-12,JUNIN,0.1540108269611353,0.037961568827124696,0.0,0.07700541348056762,0.0,-0.116,0.116,75.3,-0.154,0.154,100.0,-0.077,0.077,50.0,-0.154,0.154,100.0,naive
2015-10-19,JUNIN,0.1540108269611353,0.05914622909306084,0.022130569128041813,0.07700541348056762,0.15510272453445906,-0.095,0.095,61.7,-0.132,0.132,85.7,-0.077,0.077,50.0,0.001,0.001,0.6,seasonal_naive
2015-10-26,JUNIN,0.0,0.06826036375210238,0.2037194523159187,0.1540108269611353,0.15510272453445906,0.068,0.068,,0.204,0.204,,0.154,0.154,,0.155,0.155,,arima
2015-11-02,JUNIN,0.0,0.0773292628611792,0.14888420151315393,0.1540108269611353,0.15510272453445906,0.077,0.077,,0.149,0.149,,0.154,0.154,,0.155,0.155,,arima
2015-11-09,JUNIN,0.07700541348056762,0.07476917928125569,0.1087995753932292,0.1540108269611353,0.0,-0.002,0.002,2.6,0.032,0.032,41.6,0.077,0.077,100.0,-0.077,0.077,100.0,arima
2015-11-16,JUNIN,0.07700541348056762,0.11868108347976307,0.07354175919506688,0.1540108269611353,0.0,0.042,0.042,54.5,-0.003,0.003,3.9,0.077,0.077,100.0,-0.077,0.077,100.0,holt_winters
2015-11-23,JUNIN,0.07700541348056762,0.0697324915673273,0.11297327935056346,0.07700541348056762,0.07755136226722951,-0.007,0.007,9.1,0.036,0.036,46.7,0.0,0.0,0.0,0.001,0.001,1.3,naive
2015-11-30,JUNIN,0.0,0.0310175729576933,0.10712844096995949,0.07700541348056762,0.07755136226722951,0.031,0.031,,0.107,0.107,,0.077,0.077,,0.078,0.078,,arima
2015-12-07,JUNIN,0.0,0.035526505621598634,0.13084065809367526,0.07700541348056762,0.07755136226722951,0.036,0.036,,0.131,0.131,,0.077,0.077,,0.078,0.078,,arima
2015-12-14,JUNIN,0.0,0.03843837578367668,0.10351500948557782,0.07700541348056762,0.0,0.038,0.038,,0.104,0.104,,0.077,0.077,,0.0,0.0,,seasonal_naive
2015-12-21,JUNIN,0.0,0.03864166450244754,0.012199651460571557,0.0,0.0,0.039,0.039,,0.012,0.012,,0.0,0.0,,0.0,0.0,,naive
2015-12-28,JUNIN,0.0,0.034106510718727924,0.026939813100394505,0.0,0.0,0.034,0.034,,0.027,0.027,,0.0,0.0,,0.0,0.0,,naive
2016-01-04,JUNIN,0.0,0.034768449441808666,0.04163014295084946,0.0,0.07700541348056762,0.035,0.035,,0.042,0.042,,0.0,0.0,,0.077,0.077,,naive
2016-01-11,JUNIN,0.0,0.014856459155634763,0.010069262304070872,0.0,0.07700541348056762,0.015,0.015,,0.01,0.01,,0.0,0.0,,0.077,0.077,,naive
2016-01-18,JUNIN,0.0,2.9740489856081823e-06,0.0,0.0,0.07700541348056762,0.0,0.0,,0.0,0.0,,0.0,0.0,,0.077,0.077,,arima
2016-01-25,JUNIN,0.0,2.629861736642511e-06,0.0,0.0,0.07700541348056762,0.0,0.0,,0.0,0.0,,0.0,0.0,,0.077,0.077,,arima
2016-02-01,JUNIN,0.0,2.680622997395425e-06,0.03409686618174858,0.0,0.1540108269611353,0.0,0.0,,0.034,0.034,,0.0,0.0,,0.154,0.154,,arima
2016-02-08,JUNIN,0.0,1.1627561043250268e-06,0.0041318776894079794,0.0,0.1540108269611353,0.0,0.0,,0.004,0.004,,0.0,0.0,,0.154,0.154,,arima
2016-02-15,JUNIN,0.0,2.6952850643890286e-10,0.0,0.0,0.07700541348056762,0.0,0.0,,0.0,0.0,,0.0,0.0,,0.077,0.077,,arima
2016-02-22,JUNIN,0.0,2.380761119034026e-10,0.0,0.0,0.0,0.0,0.0,,0.0,0.0,,0.0,0.0,,0.0,0.0,,arima
2016-02-29,JUNIN,0.0,2.4268043145808474e-10,0.0,0.0,0.07700541348056762,0.0,0.0,,0.0,0.0,,0.0,0.0,,0.077,0.077,,arima
2016-03-07,JUNIN,0.0,1.0451885572303465e-10,0.0,0.0,0.1540108269611353,0.0,0.0,,0.0,0.0,,0.0,0.0,,0.154,0.154,,arima
2016-03-14,JUNIN,0.07646709773718557,1.5712346510706386e-14,0.027394659623361343,0.0,0.23101624044170307,-0.076,0.076,99.4,-0.049,0.049,64.1,-0.076,0.076,99.4,0.155,0.155,202.7,holt_winters
2016-03-21,JUNIN,0.07646709773718557,1.3737567155342905e-14,0.028156121869129625,0.0,0.1540108269611353,-0.076,0.076,99.4,-0.048,0.048,62.8,-0.076,0.076,99.4,0.078,0.078,102.0,holt_winters
2016-03-28,JUNIN,0.07646709773718557,1.4003634701259526e-14,0.055889886586726764,0.0,0.07700541348056762,-0.076,0.076,99.4,-0.021,0.021,27.5,-0.076,0.076,99.4,0.001,0.001,1.3,seasonal_naive
2016-04-04,JUNIN,0.0,5.740721438806201e-15,0.06762820643343512,0.0,0.0,0.0,0.0,,0.068,0.068,,0.0,0.0,,0.0,0.0,,arima
2016-04-11,JUNIN,0.15293419547437123,0.004990064138710175,0.005153732657961253,0.0,0.0,-0.148,0.148,96.8,-0.148,0.148,96.8,-0.153,0.153,100.0,-0.153,0.153,100.0,arima
2016-04-18,JUNIN,0.15293419547437123,0.005393305100365718,0.0,0.0,0.0,-0.148,0.148,96.8,-0.153,0.153,100.0,-0.153,0.153,100.0,-0.153,0.153,100.0,arima
2016-04-25,JUNIN,0.15293419547437123,0.04418454225260716,0.0,0.0,0.0,-0.109,0.109,71.3,-0.153,0.153,100.0,-0.153,0.153,100.0,-0.153,0.153,100.0,arima
2016-05-02,JUNIN,0.0,0.03731818615348534,0.05398489105641986,0.0,0.0,0.037,0.037,,0.054,0.054,,0.0,0.0,,0.0,0.0,,naive
2016-05-09,JUNIN,0.0,0.010794854200229253,0.09505455402965313,0.0,0.1540108269611353,0.011,0.011,,0.095,0.095,,0.0,0.0,,0.154,0.154,,naive
2016-05-16,JUNIN,0.07646709773718557,0.013704093887000545,0.11009094011620052,0.0,0.23101624044170296,-0.063,0.063,82.4,0.034,0.034,44.5,-0.076,0.076,99.4,0.155,0.155,202.7,holt_winters
2016-05-23,JUNIN,0.15293419547437123,0.09078702432965186,0.07502459692649886,0.0,0.23101624044170296,-0.062,0.062,40.5,-0.078,0.078,51.0,-0.153,0.153,100.0,0.078,0.078,51.0,arima
2016-05-30,JUNIN,0.15293419547437123,0.07478498080560592,0.0497598050340204,0.0,0.1540108269611353,-0.078,0.078,51.0,-0.103,0.103,67.3,-0.153,0.153,100.0,0.001,0.001,0.7,seasonal_naive
2016-06-06,JUNIN,0.07646709773718557,0.10806490195376131,0.09637923797204306,0.15293419547437123,0.07700541348056762,0.032,0.032,41.8,0.02,0.02,26.2,0.076,0.076,99.4,0.001,0.001,1.3,seasonal_naive
2016-06-13,JUNIN,0.0,0.07378958462053621,0.08655488477623191,0.15293419547437123,0.07700541348056762,0.074,0.074,,0.087,0.087,,0.153,0.153,,0.077,0.077,,arima
2016-06-20,JUNIN,0.07646709773718557,0.07907675804468815,0.0449421662211253,0.15293419547437123,0.0,0.003,0.003,3.9,-0.032,0.032,41.8,0.076,0.076,99.4,-0.076,0.076,99.4,arima
2016-06-27,JUNIN,0.07646709773718557,0.10225970331034076,0.1065289524032383,0.15293419547437123,0.0,0.026,0.026,34.0,0.03,0.03,39.2,0.076,0.076,99.4,-0.076,0.076,99.4,arima
2016-07-04,JUNIN,0.15293419547437123,0.11197892310452226,0.1520909742651689,0.07646709773718557,0.0,-0.041,0.041,26.8,-0.001,0.001,0.7,-0.076,0.076,49.7,-0.153,0.153,100.0,holt_winters
2016-07-11,JUNIN,0.07646709773718557,0.06641614557419523,0.1619550636863316,0.07646709773718557,0.0,-0.01,0.01,13.1,0.085,0.085,111.2,0.0,0.0,0.0,-0.076,0.076,99.4,naive
2016-07-18,JUNIN,0.07646709773718557,0.07007914637875347,0.11946344996380183,0.07646709773718557,0.0,-0.006,0.006,7.8,0.043,0.043,56.2,0.0,0.0,0.0,-0.076,0.076,99.4,naive
2016-07-25,JUNIN,0.15293419547437123,0.05318821813748221,0.0196723490864272,0.07646709773718557,0.0,-0.1,0.1,65.4,-0.133,0.133,87.0,-0.076,0.076,49.7,-0.153,0.153,100.0,naive
2016-08-01,JUNIN,0.15293419547437123,0.19880443952807866,0.10378064672771693,0.15293419547437123,0.0,0.046,0.046,30.1,-0.049,0.049,32.0,0.0,0.0,0.0,-0.153,0.153,100.0,naive
2016-08-08,JUNIN,0.22940129321155686,0.19016399205711318,0.13161282988212827,0.15293419547437123,0.07700541348056762,-0.039,0.039,17.0,-0.098,0.098,42.7,-0.076,0.076,33.1,-0.152,0.152,66.3,arima
2016-08-15,JUNIN,0.07646709773718557,0.14760128661766095,0.11179142403473569,0.15293419547437123,0.07700541348056762,0.071,0.071,92.9,0.035,0.035,45.8,0.076,0.076,99.4,0.001,0.001,1.3,seasonal_naive
2016-08-22,JUNIN,0.07646709773718557,0.12968738501361818,0.1264303397525577,0.15293419547437123,0.07700541348056762,0.053,0.053,69.3,0.05,0.05,65.4,0.076,0.076,99.4,0.001,0.001,1.3,seasonal_naive
2016-08-29,JUNIN,0.0,0.04559891850230705,0.03980175721520231,0.07646709773718557,0.0,0.046,0.046,,0.04,0.04,,0.076,0.076,,0.0,0.0,,seasonal_naive
2016-09-05,JUNIN,0.07646709773718557,0.1257082912922423,0.10329868135566331,0.07646709773718557,0.07700541348056762,0.049,0.049,64.1,0.027,0.027,35.3,0.0,0.0,0.0,0.001,0.001,1.3,naive
2016-09-12,JUNIN,0.07646709773718557,0.11852139298143193,0.1625089519053585,0.07646709773718557,0.07700541348056762,0.042,0.042,54.9,0.086,0.086,112.5,0.0,0.0,0.0,0.001,0.001,1.3,naive
2016-09-19,JUNIN,0.07646709773718557,0.13332676578981978,0.1663591016515175,0.07646709773718557,0.07700541348056762,0.057,0.057,74.5,0.09,0.09,117.7,0.0,0.0,0.0,0.001,0.001,1.3,naive
2016-09-26,JUNIN,0.0,0.03219959596893142,0.022493117895202013,0.07646709773718557,0.0,0.032,0.032,,0.022,0.022,,0.076,0.076,,0.0,0.0,,seasonal_naive
2016-10-03,JUNIN,0.0,0.03704806489452579,0.0,0.07646709773718557,0.1540108269611353,0.037,0.037,,0.0,0.0,,0.076,0.076,,0.154,0.154,,holt_winters
2016-10-10,JUNIN,0.0,0.038313568749629885,0.0,0.07646709773718557,0.1540108269611353,0.038,0.038,,0.0,0.0,,0.076,0.076,,0.154,0.154,,holt_winters
2016-10-17,JUNIN,0.0,0.06136753185357393,0.053804047911851664,0.07646709773718557,0.1540108269611353,0.061,0.061,,0.054,0.054,,0.076,0.076,,0.154,0.154,,holt_winters
2016-10-24,JUNIN,0.0,0.0,0.0018875843831146436,0.0,0.0,0.0,0.0,,0.002,0.002,,0.0,0.0,,0.0,0.0,,arima
2016-10-31,JUNIN,0.0,0.0,0.0,0.0,0.0,0.0,0.0,,0.0,0.0,,0.0,0.0,,0.0,0.0,,arima
2016-11-07,JUNIN,0.0,0.0,0.0,0.0,0.07700541348056762,0.0,0.0,,0.0,0.0,,0.0,0.0,,0.077,0.077,,arima
2016-11-14,JUNIN,0.0,0.0,0.0,0.0,0.07700541348056762,0.0,0.0,,0.0,0.0,,0.0,0.0,,0.077,0.077,,arima
2016-11-21,JUNIN,0.0,0.0,0.0363242366822187,0.0,0.07700541348056762,0.0,0.0,,0.036,0.036,,0.0,0.0,,0.077,0.077,,arima
2016-11-28,JUNIN,0.0,0.0,0.03015235299845769,0.0,0.0,0.0,0.0,,0.03,0.03,,0.0,0.0,,0.0,0.0,,arima
2016-12-05,JUNIN,0.0,0.0,0.039549296768627486,0.0,0.0,0.0,0.0,,0.04,0.04,,0.0,0.0,,0.0,0.0,,arima
2016-12-12,JUNIN,0.0,0.0,0.004931854474965747,0.0,0.0,0.0,0.0,,0.005,0.005,,0.0,0.0,,0.0,0.0,,arima
2016-12-19,JUNIN,0.0,0.0,0.03361008988618673,0.0,0.0,0.0,0.0,,0.034,0.034,,0.0,0.0,,0.0,0.0,,arima
2016-12-26,JUNIN,0.0,0.0,0.04075434327515908,0.0,0.0,0.0,0.0,,0.041,0.041,,0.0,0.0,,0.0,0.0,,arima
2017-01-02,JUNIN,0.0,0.0,0.04951838262137033,0.0,0.0,0.0,0.0,,0.05,0.05,,0.0,0.0,,0.0,0.0,,arima
2017-01-09,JUNIN,0.0,0.0,0.013222200184605593,0.0,0.0,0.0,0.0,,0.013,0.013,,0.0,0.0,,0.0,0.0,,arima
2017-01-16,JUNIN,0.07593625606920519,0.0,0.035469573662481234,0.0,0.0,-0.076,0.076,100.1,-0.04,0.04,52.7,-0.076,0.076,100.1,-0.076,0.076,100.1,holt_winters
2017-01-23,JUNIN,0.07593625606920519,0.0,0.049334400809696505,0.0,0.0,-0.076,0.076,100.1,-0.027,0.027,35.6,-0.076,0.076,100.1,-0.076,0.076,100.1,holt_winters
2017-01-30,JUNIN,0.15187251213841044,0.0,0.0914299520638352,0.0,0.0,-0.152,0.152,100.1,-0.06,0.06,39.5,-0.152,0.152,100.1,-0.152,0.152,100.1,holt_winters
2017-02-06,JUNIN,0.07593625606920519,0.0,0.05896202676492592,0.0,0.0,-0.076,0.076,100.1,-0.017,0.017,22.4,-0.076,0.076,100.1,-0.076,0.076,100.1,holt_winters
2017-02-13,JUNIN,0.07593625606920519,0.07951373707165699,0.058654750706813405,0.07593625606920519,0.0,0.004,0.004,5.3,-0.017,0.017,22.4,0.0,0.0,0.0,-0.076,0.076,100.1,naive
2017-02-20,JUNIN,0.0,0.0427153874138543,0.02736819487626706,0.07593625606920519,0.0,0.043,0.043,,0.027,0.027,,0.076,0.076,,0.0,0.0,,seasonal_naive
2017-02-27,JUNIN,0.0,0.0848449021501948,0.055643171418713985,0.07593625606920519,0.0,0.085,0.085,,0.056,0.056,,0.076,0.076,,0.0,0.0,,seasonal_naive
2017-03-06,JUNIN,0.0,0.0793495284396629,0.03937382691763535,0.07593625606920519,0.0,0.079,0.079,,0.039,0.039,,0.076,0.076,,0.0,0.0,,seasonal_naive
2017-03-13,JUNIN,0.0,0.03934185773993808,0.05401620284905465,0.0,0.07646709773718557,0.039,0.039,,0.054,0.054,,0.0,0.0,,0.076,0.076,,naive
2017-03-20,JUNIN,0.0,0.03524044733232723,0.02266459704262929,0.0,0.07646709773718557,0.035,0.035,,0.023,0.023,,0.0,0.0,,0.076,0.076,,naive
2017-03-27,JUNIN,0.0,0.034937880789950096,0.061280154311694285,0.0,0.07646709773718557,0.035,0.035,,0.061,0.061,,0.0,0.0,,0.076,0.076,,naive
2017-04-03,JUNIN,0.15187251213841044,0.01427519479448075,0.02836333135164014,0.0,0.0,-0.138,0.138,90.9,-0.124,0.124,81.6,-0.152,0.152,100.1,-0.152,0.152,100.1,holt_winters
2017-04-10,JUNIN,0.15187251213841044,0.14845261066909327,0.17841288036945285,0.15187251213841044,0.15293419547437123,-0.003,0.003,2.0,0.027,0.027,17.8,0.0,0.0,0.0,0.001,0.001,0.7,naive
2017-04-17,JUNIN,0.22780876820761572,0.14586322778988853,0.14765164562991176,0.15187251213841044,0.15293419547437123,-0.082,0.082,36.0,-0.08,0.08,35.1,-0.076,0.076,33.4,-0.075,0.075,32.9,seasonal_naive
2017-04-24,JUNIN,0.07593625606920519,0.06360381482416731,0.16577250148811942,0.15187251213841044,0.15293419547437123,-0.012,0.012,15.8,0.09,0.09,118.5,0.076,0.076,100.1,0.077,0.077,101.4,arima
2017-05-01,JUNIN,0.22780876820761572,0.07296769325826892,0.1795481134749221,0.15187251213841044,0.0,-0.155,0.155,68.0,-0.048,0.048,21.1,-0.076,0.076,33.4,-0.228,0.228,100.1,holt_winters
2017-05-08,JUNIN,0.15187251213841044,0.17957204875396415,0.2724900717133714,0.22780876820761575,0.0,0.028,0.028,18.4,0.121,0.121,79.7,0.076,0.076,50.0,-0.152,0.152,100.1,arima
2017-05-15,JUNIN,0.22780876820761567,0.27136681617463804,0.32202057355884073,0.22780876820761575,0.07646709773718557,0.044,0.044,19.3,0.094,0.094,41.3,0.0,0.0,0.0,-0.151,0.151,66.3,naive
2017-05-22,JUNIN,0.07593625606920519,0.17630246166489594,0.3265858711784169,0.22780876820761575,0.15293419547437123,0.1,0.1,131.7,0.251,0.251,330.5,0.152,0.152,200.2,0.077,0.077,101.4,seasonal_naive
2017-05-29,JUNIN,0.07593625606920519,0.21261693007391408,0.3031025101518849,0.22780876820761575,0.15293419547437123,0.137,0.137,180.4,0.227,0.227,298.9,0.152,0.152,200.2,0.077,0.077,101.4,seasonal_naive
2017-06-05,JUNIN,0.07593625606920519,0.02936639631237691,0.009773752017853679,0.07593625606920519,0.07646709773718557,-0.047,0.047,61.9,-0.066,0.066,86.9,0.0,0.0,0.0,0.001,0.001,1.3,naive
2017-06-12,JUNIN,0.15187251213841044,0.03854750561847808,0.0,0.07593625606920519,0.0,-0.113,0.113,74.4,-0.152,0.152,100.1,-0.076,0.076,50.0,-0.152,0.152,100.1,naive
2017-06-19,JUNIN,0.3796812803460263,0.045590015087531306,0.0,0.07593625606920519,0.07646709773718557,-0.334,0.334,88.0,-0.38,0.38,100.1,-0.304,0.304,80.1,-0.303,0.303,79.8,seasonal_naive
2017-06-26,JUNIN,0.303745024276821,0.03703176062733317,0.026954763997018228,0.07593625606920519,0.07646709773718557,-0.267,0.267,87.9,-0.277,0.277,91.2,-0.228,0.228,75.1,-0.227,0.227,74.7,seasonal_naive
2017-07-03,JUNIN,0.22780876820761575,0.35363563175776125,0.39686704090786035,0.303745024276821,0.15293419547437123,0.126,0.126,55.3,0.169,0.169,74.2,0.076,0.076,33.4,-0.075,0.075,32.9,seasonal_naive
2017-07-10,JUNIN,0.0,0.2383344580221105,0.394426693313424,0.303745024276821,0.07646709773718557,0.238,0.238,,0.394,0.394,,0.304,0.304,,0.076,0.076,,seasonal_naive
2017-07-17,JUNIN,0.0,0.315846224225374,0.34709338115677396,0.303745024276821,0.07646709773718557,0.316,0.316,,0.347,0.347,,0.304,0.304,,0.076,0.076,,seasonal_naive
2017-07-24,JUNIN,0.0,0.28921922034905445,0.28384486653525437,0.303745024276821,0.15293419547437123,0.289,0.289,,0.284,0.284,,0.304,0.304,,0.153,0.153,,seasonal_naive
2017-07-31,JUNIN,0.0,0.023069396532359874,0.0,0.0,0.15293419547437123,0.023,0.023,,0.0,0.0,,0.0,0.0,,0.153,0.153,,holt_winters
2017-08-07,JUNIN,0.07593625606920519,0.022469787332660446,8.56202252302024e-05,0.0,0.22940129321155686,-0.053,0.053,69.8,-0.076,0.076,100.1,-0.076,0.076,100.1,0.153,0.153,201.5,arima
2017-08-14,JUNIN,0.15187251213841044,0.015744845796237795,0.0,0.0,0.07646709773718557,-0.136,0.136,89.5,-0.152,0.152,100.1,-0.152,0.152,100.1,-0.075,0.075,49.4,seasonal_naive
2017-08-21,JUNIN,0.15187251213841044,0.021353665610045276,0.0,0.0,0.07646709773718557,-0.131,0.131,86.3,-0.152,0.152,100.1,-0.152,0.152,100.1,-0.075,0.075,49.4,seasonal_naive
2017-08-28,JUNIN,0.07593625606920519,0.11992121464438887,0.12847954538444364,0.15187251213841044,0.0,0.044,0.044,57.9,0.053,0.053,69.8,0.076,0.076,100.1,-0.076,0.076,100.1,arima
2017-09-04,JUNIN,0.0,0.07947098321443045,0.19607352811443798,0.15187251213841044,0.07646709773718557,0.079,0.079,,0.196,0.196,,0.152,0.152,,0.076,0.076,,seasonal_naive
2017-09-11,JUNIN,0.0,0.1228930851645686,0.24185674439776692,0.15187251213841044,0.07646709773718557,0.123,0.123,,0.242,0.242,,0.152,0.152,,0.076,0.076,,seasonal_naive
2017-09-18,JUNIN,0.0,0.09963972240090792,0.24436547675110196,0.15187251213841044,0.07646709773718557,0.1,0.1,,0.244,0.244,,0.152,0.152,,0.076,0.076,,seasonal_naive
2017-09-25,JUNIN,0.0,0.005512381874511806,0.0,0.0,0.0,0.006,0.006,,0.0,0.0,,0.0,0.0,,0.0,0.0,,holt_winters
2017-10-02,JUNIN,0.0,0.019160274430612044,0.0,0.0,0.0,0.019,0.019,,0.0,0.0,,0.0,0.0,,0.0,0.0,,holt_winters
2017-10-09,JUNIN,0.0,0.006133872301570786,0.0,0.0,0.0,0.006,0.006,,0.0,0.0,,0.0,0.0,,0.0,0.0,,holt_winters
2017-10-16,JUNIN,0.0,0.012586396822385416,0.0,0.0,0.0,0.013,0.013,,0.0,0.0,,0.0,0.0,,0.0,0.0,,holt_winters
2017-10-23,JUNIN,0.0,0.008650223237646828,0.0,0.0,0.0,0.009,0.009,,0.0,0.0,,0.0,0.0,,0.0,0.0,,holt_winters
2017-10-30,JUNIN,0.0,0.0,0.0,0.0,0.0,0.0,0.0,,0.0,0.0,,0.0,0.0,,0.0,0.0,,arima
2017-11-06,JUNIN,0.0,0.00334354911108334,0.0,0.0,0.0,0.003,0.003,,0.0,0.0,,0.0,0.0,,0.0,0.0,,holt_winters
2017-11-13,JUNIN,0.07593625606920519,0.0,0.0,0.0,0.0,-0.076,0.076,100.1,-0.076,0.076,100.1,-0.076,0.076,100.1,-0.076,0.076,100.1,arima
2017-11-20,JUNIN,0.07593625606920519,0.07881603450801217,0.11187139995862837,0.07593625606920519,0.0,0.003,0.003,4.0,0.036,0.036,47.4,0.0,0.0,0.0,-0.076,0.076,100.1,naive
2017-11-27,JUNIN,0.22780876820761572,0.1229750174562394,0.09102203927302033,0.07593625606920519,0.0,-0.105,0.105,46.1,-0.137,0.137,60.1,-0.152,0.152,66.7,-0.228,0.228,100.1,arima
2017-12-04,JUNIN,0.15187251213841044,0.08611868337850874,0.10294460075470534,0.07593625606920519,0.0,-0.066,0.066,43.5,-0.049,0.049,32.3,-0.076,0.076,50.0,-0.152,0.152,100.1,holt_winters
2017-12-11,JUNIN,0.15187251213841044,0.10276297170592111,0.06769732980508378,0.07593625606920519,0.0,-0.049,0.049,32.3,-0.084,0.084,55.3,-0.076,0.076,50.0,-0.152,0.152,100.1,arima
2017-12-18,JUNIN,0.0,0.06159873995851619,0.1712233687187338,0.15187251213841044,0.0,0.062,0.062,,0.171,0.171,,0.152,0.152,,0.0,0.0,,seasonal_naive
2017-12-25,JUNIN,0.0,0.08465183277538181,0.15000850522258147,0.15187251213841044,0.0,0.085,0.085,,0.15,0.15,,0.152,0.152,,0.0,0.0,,seasonal_naive
2018-01-01,JUNIN,0.0,0.09046900395808732,0.1754076095312418,0.15187251213841044,0.0,0.09,0.09,,0.175,0.175,,0.152,0.152,,0.0,0.0,,seasonal_naive
2018-01-08,JUNIN,0.0,0.0792808761343186,0.1467043185934533,0.15187251213841044,0.0,0.079,0.079,,0.147,0.147,,0.152,0.152,,0.0,0.0,,seasonal_naive
2018-01-15,JUNIN,0.15056170809246588,0.0017975655114735687,0.055344387052873874,0.0,0.07593625606920519,-0.149,0.149,99.0,-0.095,0.095,63.1,-0.151,0.151,100.3,-0.075,0.075,49.8,seasonal_naive
2018-01-22,JUNIN,0.15056170809246588,0.0,0.060021745677777384,0.0,0.07593625606920519,-0.151,0.151,100.3,-0.091,0.091,60.4,-0.151,0.151,100.3,-0.075,0.075,49.8,seasonal_naive
2018-01-29,JUNIN,0.15056170809246588,0.0,0.11013880232796423,0.0,0.15187251213841044,-0.151,0.151,100.3,-0.04,0.04,26.6,-0.151,0.151,100.3,0.001,0.001,0.7,seasonal_naive
2018-02-05,JUNIN,0.0752808540462329,0.0,0.05710195258270616,0.0,0.07593625606920519,-0.075,0.075,99.6,-0.018,0.018,23.9,-0.075,0.075,99.6,0.001,0.001,1.3,seasonal_naive
2018-02-12,JUNIN,0.0752808540462329,0.08762523395965327,0.0597441746334148,0.0752808540462329,0.07593625606920519,0.012,0.012,15.9,-0.016,0.016,21.3,0.0,0.0,0.0,0.001,0.001,1.3,naive
2018-02-19,JUNIN,0.15056170809246588,0.12673889931224,0.006603359450995957,0.0752808540462329,0.0,-0.024,0.024,15.9,-0.144,0.144,95.6,-0.075,0.075,49.8,-0.151,0.151,100.3,arima
2018-02-26,JUNIN,0.0752808540462329,0.09178023322647606,0.04029211816163897,0.0752808540462329,0.0,0.016,0.016,21.3,-0.035,0.035,46.5,0.0,0.0,0.0,-0.075,0.075,99.6,naive
2018-03-05,JUNIN,0.0752808540462329,0.10905595637406333,0.04353790928722769,0.0752808540462329,0.0,0.034,0.034,45.2,-0.032,0.032,42.5,0.0,0.0,0.0,-0.075,0.075,99.6,naive
2018-03-12,JUNIN,0.0,0.025093498026357696,0.11695985938779649,0.0752808540462329,0.0,0.025,0.025,,0.117,0.117,,0.075,0.075,,0.0,0.0,,seasonal_naive
2018-03-19,JUNIN,0.0752808540462329,0.037674779605050855,0.08398379005282201,0.0752808540462329,0.0,-0.038,0.038,50.5,0.009,0.009,12.0,0.0,0.0,0.0,-0.075,0.075,99.6,naive
2018-03-26,JUNIN,0.0752808540462329,0.04161060080642119,0.10938879936523203,0.0752808540462329,0.0,-0.034,0.034,45.2,0.034,0.034,45.2,0.0,0.0,0.0,-0.075,0.075,99.6,naive
2018-04-02,JUNIN,0.15056170809246588,0.03482715529492382,0.10596621665937903,0.0752808540462329,0.15187251213841044,-0.116,0.116,77.0,-0.045,0.045,29.9,-0.075,0.075,49.8,0.001,0.001,0.7,seasonal_naive
2018-04-09,JUNIN,0.0752808540462329,0.12287649096219917,0.18534941023281573,0.15056170809246586,0.15187251213841044,0.048,0.048,63.8,0.11,0.11,146.1,0.075,0.075,99.6,0.077,0.077,102.3,arima
2018-04-16,JUNIN,0.15056170809246588,0.1606308823776212,0.19611683622301235,0.15056170809246586,0.22780876820761575,0.01,0.01,6.6,0.046,0.046,30.6,-0.0,0.0,0.0,0.077,0.077,51.1,naive
2018-04-23,JUNIN,0.0752808540462329,0.13848026963655008,0.19145348461196213,0.15056170809246586,0.07593625606920519,0.063,0.063,83.7,0.116,0.116,154.1,0.075,0.075,99.6,0.001,0.001,1.3,seasonal_naive
2018-04-30,JUNIN,0.0752808540462329,0.14554738028006106,0.2110518177610638,0.15056170809246586,0.22780876820761575,0.07,0.07,93.0,0.136,0.136,180.7,0.075,0.075,99.6,0.153,0.153,203.2,arima
2018-05-07,JUNIN,0.0,0.015844235225360753,0.13309549945222054,0.0752808540462329,0.15187251213841044,0.016,0.016,,0.133,0.133,,0.075,0.075,,0.152,0.152,,arima
2018-05-14,JUNIN,0.0,0.025058478873937296,0.19272577245595462,0.0752808540462329,0.22780876820761572,0.025,0.025,,0.193,0.193,,0.075,0.075,,0.228,0.228,,arima
2018-05-21,JUNIN,0.0,0.0321670648430957,0.18648693497768945,0.0752808540462329,0.07593625606920519,0.032,0.032,,0.186,0.186,,0.075,0.075,,0.076,0.076,,arima
2018-05-28,JUNIN,0.0,0.024251859050806717,0.15678119131680282,0.0752808540462329,0.07593625606920519,0.024,0.024,,0.157,0.157,,0.075,0.075,,0.076,0.076,,arima
2018-06-04,JUNIN,0.0,0.0020565362253759704,0.0,0.0,0.07593625606920519,0.002,0.002,,0.0,0.0,,0.0,0.0,,0.076,0.076,,holt_winters
2018-06-11,JUNIN,0.22584256213869888,0.0,0.0,0.0,0.15187251213841044,-0.226,0.226,100.1,-0.226,0.226,100.1,-0.226,0.226,100.1,-0.074,0.074,32.8,seasonal_naive
2018-06-18,JUNIN,0.46762284188502656,0.0010694234028987737,0.0,0.0,0.3796812803460262,-0.467,0.467,99.9,-0.468,0.468,100.1,-0.468,0.468,100.1,-0.088,0.088,18.8,seasonal_naive
2018-06-25,JUNIN,0.46762284188502656,0.0005496315107821437,0.0,0.0,0.303745024276821,-0.467,0.467,99.9,-0.468,0.468,100.1,-0.468,0.468,100.1,-0.164,0.164,35.1,seasonal_naive
2018-07-02,JUNIN,0.3170611337925606,0.3555250271278178,0.4676228418850265,0.4676228418850265,0.22780876820761578,0.038,0.038,12.0,0.151,0.151,47.6,0.151,0.151,47.6,-0.089,0.089,28.1,arima
2018-07-09,JUNIN,0.15056170809246588,0.27568249567412745,0.42368141749697136,0.4676228418850265,0.0,0.125,0.125,83.0,0.273,0.273,181.3,0.317,0.317,210.5,-0.151,0.151,100.3,arima
2018-07-16,JUNIN,0.3011234161849318,0.36920266212688535,0.4101952723813269,0.4676228418850265,0.0,0.068,0.068,22.6,0.109,0.109,36.2,0.166,0.166,55.1,-0.301,0.301,100.0,arima
2018-07-23,JUNIN,0.22584256213869888,0.3160578166486153,0.36182704702630847,0.4676228418850265,0.0,0.09,0.09,39.9,0.136,0.136,60.2,0.242,0.242,107.2,-0.226,0.226,100.1,arima
2018-07-30,JUNIN,0.15056170809246588,0.3103663069486,0.23058893100415262,0.22584256213869885,0.0,0.16,0.16,106.3,0.08,0.08,53.1,0.075,0.075,49.8,-0.151,0.151,100.3,naive
2018-08-06,JUNIN,0.0,0.23058175916467852,0.26586024698531974,0.22584256213869885,0.07593625606920519,0.231,0.231,,0.266,0.266,,0.226,0.226,,0.076,0.076,,seasonal_naive
2018-08-13,JUNIN,0.0,0.2722264091680783,0.2308422069624304,0.22584256213869885,0.15187251213841044,0.272,0.272,,0.231,0.231,,0.226,0.226,,0.152,0.152,,seasonal_naive
2018-08-20,JUNIN,0.0,0.2589652425560863,0.2307257150763595,0.22584256213869885,0.15187251213841044,0.259,0.259,,0.231,0.231,,0.226,0.226,,0.152,0.152,,seasonal_naive
2018-08-27,JUNIN,0.0,0.0,0.0,0.0,0.07593625606920519,0.0,0.0,,0.0,0.0,,0.0,0.0,,0.076,0.076,,arima
2018-09-03,JUNIN,0.0,0.0,0.0,0.0,0.0,0.0,0.0,,0.0,0.0,,0.0,0.0,,0.0,0.0,,arima
2018-09-10,JUNIN,0.0752808540462329,0.0,0.0,0.0,0.0,-0.075,0.075,99.6,-0.075,0.075,99.6,-0.075,0.075,99.6,-0.075,0.075,99.6,arima
2018-09-17,JUNIN,0.0752808540462329,0.0,0.0031113937020757817,0.0,0.0,-0.075,0.075,99.6,-0.072,0.072,95.6,-0.075,0.075,99.6,-0.075,0.075,99.6,holt_winters
2018-09-24,JUNIN,0.15056170809246588,0.07794793740936379,0.01975254943441862,0.0752808540462329,0.0,-0.073,0.073,48.5,-0.131,0.131,87.0,-0.075,0.075,49.8,-0.151,0.151,100.3,arima
2018-10-01,JUNIN,0.0752808540462329,0.0689698011009488,0.021728035544660403,0.0752808540462329,0.0,-0.006,0.006,8.0,-0.054,0.054,71.7,0.0,0.0,0.0,-0.075,0.075,99.6,naive
2018-10-08,JUNIN,0.0752808540462329,0.07523588750602914,0.017639726552260673,0.0752808540462329,0.0,-0.0,0.0,0.0,-0.058,0.058,77.0,0.0,0.0,0.0,-0.075,0.075,99.6,arima
2018-10-15,JUNIN,0.0752808540462329,0.07274549240157047,0.07141300535772263,0.0752808540462329,0.0,-0.003,0.003,4.0,-0.004,0.004,5.3,0.0,0.0,0.0,-0.075,0.075,99.6,naive
2018-10-22,JUNIN,0.0752808540462329,0.14148526198883463,0.03922604864172679,0.0752808540462329,0.0,0.066,0.066,87.7,-0.036,0.036,47.8,0.0,0.0,0.0,-0.075,0.075,99.6,naive
2018-10-29,JUNIN,0.0752808540462329,0.15915131533910873,0.03551012594104406,0.0752808540462329,0.0,0.084,0.084,111.6,-0.04,0.04,53.1,0.0,0.0,0.0,-0.075,0.075,99.6,naive
2018-11-05,JUNIN,0.15056170809246588,0.12667363940857163,0.0145462220095493,0.0752808540462329,0.0,-0.024,0.024,15.9,-0.136,0.136,90.3,-0.075,0.075,49.8,-0.151,0.151,100.3,arima
2018-11-12,JUNIN,0.15056170809246588,0.14793537413314378,0.020211999544522328,0.0752808540462329,0.07593625606920519,-0.003,0.003,2.0,-0.13,0.13,86.3,-0.075,0.075,49.8,-0.075,0.075,49.8,arima
2018-11-19,JUNIN,0.15056170809246588,0.16116957160503914,0.17277794134862143,0.15056170809246586,0.07593625606920519,0.011,0.011,7.3,0.022,0.022,14.6,-0.0,0.0,0.0,-0.075,0.075,49.8,naive
2018-11-26,JUNIN,0.0,0.07445214013577,0.1860267044280276,0.15056170809246586,0.22780876820761575,0.074,0.074,,0.186,0.186,,0.151,0.151,,0.228,0.228,,arima
2018-12-03,JUNIN,0.0,0.14346612270435397,0.1705848634652393,0.15056170809246586,0.15187251213841044,0.143,0.143,,0.171,0.171,,0.151,0.151,,0.152,0.152,,arima
2018-12-10,JUNIN,0.0,0.11141055977415243,0.13563441994094044,0.15056170809246586,0.15187251213841044,0.111,0.111,,0.136,0.136,,0.151,0.151,,0.152,0.152,,arima
2018-12-17,JUNIN,0.0,0.022199673201276096,0.0,0.0,0.0,0.022,0.022,,0.0,0.0,,0.0,0.0,,0.0,0.0,,holt_winters
2018-12-24,JUNIN,0.0,0.0550164653673395,0.0,0.0,0.0,0.055,0.055,,0.0,0.0,,0.0,0.0,,0.0,0.0,,holt_winters
2018-12-31,JUNIN,0.0,0.02221309822493993,0.0,0.0,0.0,0.022,0.022,,0.0,0.0,,0.0,0.0,,0.0,0.0,,holt_winters
2019-01-07,JUNIN,0.07463666869678398,0.03943827626546881,0.0,0.0,0.0,-0.035,0.035,46.9,-0.075,0.075,100.5,-0.075,0.075,100.5,-0.075,0.075,100.5,arima
2019-01-14,JUNIN,0.07463666869678398,0.11026952169623248,0.1290347929977394,0.074636668696784,0.15056170809246586,0.036,0.036,48.2,0.054,0.054,72.4,0.0,0.0,0.0,0.076,0.076,101.8,naive
2019-01-21,JUNIN,0.07463666869678398,0.10512048573294742,0.1349089135567173,0.074636668696784,0.15056170809246586,0.03,0.03,40.2,0.06,0.06,80.4,0.0,0.0,0.0,0.076,0.076,101.8,naive
2019-01-28,JUNIN,0.0,0.0990892942110331,0.17124287116045997,0.074636668696784,0.15056170809246586,0.099,0.099,,0.171,0.171,,0.075,0.075,,0.151,0.151,,naive
2019-02-04,JUNIN,0.0,0.10537290718495682,0.11094837251583267,0.074636668696784,0.0752808540462329,0.105,0.105,,0.111,0.111,,0.075,0.075,,0.075,0.075,,naive
2019-02-11,JUNIN,0.07463666869678398,0.0,0.0,0.0,0.0752808540462329,-0.075,0.075,100.5,-0.075,0.075,100.5,-0.075,0.075,100.5,0.001,0.001,1.3,seasonal_naive
2019-02-18,JUNIN,0.07463666869678398,0.0,0.0,0.0,0.15056170809246586,-0.075,0.075,100.5,-0.075,0.075,100.5,-0.075,0.075,100.5,0.076,0.076,101.8,arima
2019-02-25,JUNIN,0.22391000609035208,0.0,0.0,0.0,0.0752808540462329,-0.224,0.224,100.0,-0.224,0.224,100.0,-0.224,0.224,100.0,-0.149,0.149,66.5,seasonal_naive
2019-03-04,JUNIN,0.14927333739356805,0.0,0.0,0.0,0.0752808540462329,-0.149,0.149,99.8,-0.149,0.149,99.8,-0.149,0.149,99.8,-0.074,0.074,49.6,seasonal_naive
2019-03-11,JUNIN,0.14927333739356805,0.2222455495022801,0.17322424654692417,0.14927333739356805,0.0,0.073,0.073,48.9,0.024,0.024,16.1,0.0,0.0,0.0,-0.149,0.149,99.8,naive
2019-03-18,JUNIN,0.0,0.1443082959724897,0.17038461253569598,0.14927333739356805,0.0752808540462329,0.144,0.144,,0.17,0.17,,0.149,0.149,,0.075,0.075,,seasonal_naive
2019-03-25,JUNIN,0.07463666869678398,0.18080178938716704,0.15025465423624976,0.14927333739356805,0.0752808540462329,0.106,0.106,142.0,0.076,0.076,101.8,0.075,0.075,100.5,0.001,0.001,1.3,seasonal_naive
2019-04-01,JUNIN,0.07463666869678398,0.1737943615887536,0.16079827340602187,0.14927333739356805,0.15056170809246586,0.099,0.099,132.6,0.086,0.086,115.2,0.075,0.075,100.5,0.076,0.076,101.8,naive
2019-04-08,JUNIN,0.07463666869678398,0.12563902946030675,0.09810708138069438,0.074636668696784,0.0752808540462329,0.051,0.051,68.3,0.023,0.023,30.8,0.0,0.0,0.0,0.001,0.001,1.3,naive
2019-04-15,JUNIN,0.0,0.07488966247204279,0.11495592417638785,0.074636668696784,0.15056170809246586,0.075,0.075,,0.115,0.115,,0.075,0.075,,0.151,0.151,,arima
2019-04-22,JUNIN,0.0,0.0971230877520606,0.09307780038632796,0.074636668696784,0.0752808540462329,0.097,0.097,,0.093,0.093,,0.075,0.075,,0.075,0.075,,naive
2019-04-29,JUNIN,0.0,0.09422472772442186,0.08342892199363182,0.074636668696784,0.0752808540462329,0.094,0.094,,0.083,0.083,,0.075,0.075,,0.075,0.075,,naive
2019-05-06,JUNIN,0.0,0.0,0.0019742326169230715,0.0,0.0,0.0,0.0,,0.002,0.002,,0.0,0.0,,0.0,0.0,,arima
2019-05-13,JUNIN,0.0,0.0,0.047555433281023726,0.0,0.0,0.0,0.0,,0.048,0.048,,0.0,0.0,,0.0,0.0,,arima
2019-05-20,JUNIN,0.0,0.0,0.061702249021088916,0.0,0.0,0.0,0.0,,0.062,0.062,,0.0,0.0,,0.0,0.0,,arima
2019-05-27,JUNIN,0.0,0.0,0.04028192218102688,0.0,0.0,0.0,0.0,,0.04,0.04,,0.0,0.0,,0.0,0.0,,arima
2019-06-03,JUNIN,0.0,0.0,0.0,0.0,0.0,0.0,0.0,,0.0,0.0,,0.0,0.0,,0.0,0.0,,arima
2019-06-10,JUNIN,0.07463666869678398,0.0038832887438075814,0.000498979208977369,0.0,0.22584256213869885,-0.071,0.071,95.1,-0.074,0.074,99.1,-0.075,0.075,100.5,0.151,0.151,202.3,arima
2019-06-17,JUNIN,0.14927333739356805,0.0,0.08227070299522159,0.0,0.4676228418850265,-0.149,0.149,99.8,-0.067,0.067,44.9,-0.149,0.149,99.8,0.318,0.318,213.0,holt_winters
2019-06-24,JUNIN,0.29854667478713615,0.0006527798147426001,0.08982483798730766,0.0,0.4676228418850265,-0.298,0.298,99.8,-0.209,0.209,70.0,-0.299,0.299,100.2,0.169,0.169,56.6,seasonal_naive
2019-07-01,JUNIN,0.29854667478713615,0.3279994530979087,0.2511100626834556,0.2985466747871362,0.3170611337925607,0.029,0.029,9.7,-0.047,0.047,15.7,0.0,0.0,0.0,0.019,0.019,6.4,naive
2019-07-08,JUNIN,0.22391000609035208,0.3427353938794831,0.14375772019643512,0.2985466747871362,0.15056170809246586,0.119,0.119,53.1,-0.08,0.08,35.7,0.075,0.075,33.5,-0.073,0.073,32.6,seasonal_naive
2019-07-15,JUNIN,0.07463666869678398,0.330671198964764,0.17626285262290534,0.2985466747871362,0.3011234161849318,0.256,0.256,343.0,0.102,0.102,136.7,0.224,0.224,300.1,0.226,0.226,302.8,holt_winters
2019-07-22,JUNIN,0.0,0.3427353938794831,0.15024530853627427,0.2985466747871362,0.22584256213869885,0.343,0.343,,0.15,0.15,,0.299,0.299,,0.226,0.226,,holt_winters
2019-07-29,JUNIN,0.07463666869678398,0.0,0.0,0.0,0.15056170809246586,-0.075,0.075,100.5,-0.075,0.075,100.5,-0.075,0.075,100.5,0.076,0.076,101.8,arima
2019-08-05,JUNIN,0.14927333739356805,0.0,0.0047519967449791665,0.0,0.0,-0.149,0.149,99.8,-0.145,0.145,97.1,-0.149,0.149,99.8,-0.149,0.149,99.8,holt_winters
2019-08-12,JUNIN,0.22391000609035216,0.0,0.0,0.0,0.0,-0.224,0.224,100.0,-0.224,0.224,100.0,-0.224,0.224,100.0,-0.224,0.224,100.0,arima
2019-08-19,JUNIN,0.14927333739356805,0.0,0.0,0.0,0.0,-0.149,0.149,99.8,-0.149,0.149,99.8,-0.149,0.149,99.8,-0.149,0.149,99.8,arima
2019-08-26,JUNIN,0.07463666869678398,0.13273717136861052,0.09262156390227018,0.14927333739356805,0.0,0.058,0.058,77.7,0.018,0.018,24.1,0.075,0.075,100.5,-0.075,0.075,100.5,holt_winters
2019-09-02,JUNIN,0.14927333739356805,0.11388061782138476,0.12157726482172553,0.14927333739356805,0.0,-0.035,0.035,23.4,-0.028,0.028,18.8,0.0,0.0,0.0,-0.149,0.149,99.8,naive
2019-09-09,JUNIN,0.14927333739356805,0.13045349380668178,0.1346054293373045,0.14927333739356805,0.0752808540462329,-0.019,0.019,12.7,-0.015,0.015,10.0,0.0,0.0,0.0,-0.074,0.074,49.6,naive
2019-09-16,JUNIN,0.14927333739356805,0.12409334290190044,0.14776543609246018,0.14927333739356805,0.0752808540462329,-0.025,0.025,16.7,-0.002,0.002,1.3,0.0,0.0,0.0,-0.074,0.074,49.6,naive
2019-09-23,JUNIN,0.0,0.06967481715836035,0.12639866684003231,0.14927333739356805,0.15056170809246586,0.07,0.07,,0.126,0.126,,0.149,0.149,,0.151,0.151,,arima
2019-09-30,JUNIN,0.0,0.06810377218325542,0.14358128588418517,0.14927333739356805,0.0752808540462329,0.068,0.068,,0.144,0.144,,0.149,0.149,,0.075,0.075,,arima
2019-10-07,JUNIN,0.0,0.09123678856766286,0.1266366926675417,0.14927333739356805,0.0752808540462329,0.091,0.091,,0.127,0.127,,0.149,0.149,,0.075,0.075,,seasonal_naive
2019-10-14,JUNIN,0.0,0.07596165051105,0.1595990259138074,0.14927333739356805,0.0752808540462329,0.076,0.076,,0.16,0.16,,0.149,0.149,,0.075,0.075,,seasonal_naive
2019-10-21,JUNIN,0.0,0.0,0.0,0.0,0.0752808540462329,0.0,0.0,,0.0,0.0,,0.0,0.0,,0.075,0.075,,arima
2019-10-28,JUNIN,0.0,0.0,0.0,0.0,0.0752808540462329,0.0,0.0,,0.0,0.0,,0.0,0.0,,0.075,0.075,,arima
2019-11-04,JUNIN,0.0,0.0,0.0,0.0,0.15056170809246586,0.0,0.0,,0.0,0.0,,0.0,0.0,,0.151,0.151,,arima
2019-11-11,JUNIN,0.0,0.0,0.0,0.0,0.15056170809246586,0.0,0.0,,0.0,0.0,,0.0,0.0,,0.151,0.151,,arima
2019-11-18,JUNIN,0.0,0.0,0.0013051435922284758,0.0,0.15056170809246586,0.0,0.0,,0.001,0.001,,0.0,0.0,,0.151,0.151,,arima
2019-11-25,JUNIN,0.07463666869678398,0.01951749563462706,0.0,0.0,0.0,-0.055,0.055,73.7,-0.075,0.075,100.5,-0.075,0.075,100.5,-0.075,0.075,100.5,arima
2019-12-02,JUNIN,0.07463666869678398,0.0058179574783963255,0.0,0.0,0.0,-0.069,0.069,92.4,-0.075,0.075,100.5,-0.075,0.075,100.5,-0.075,0.075,100.5,arima
2019-12-09,JUNIN,0.07463666869678398,0.009231320677685615,0.0,0.0,0.0,-0.065,0.065,87.1,-0.075,0.075,100.5,-0.075,0.075,100.5,-0.075,0.075,100.5,arima
2019-12-16,JUNIN,0.0,0.04513542932973127,0.037012846252975365,0.074636668696784,0.0,0.045,0.045,,0.037,0.037,,0.075,0.075,,0.0,0.0,,seasonal_naive
2019-12-23,JUNIN,0.0,0.03982954626547286,0.036866041503003336,0.074636668696784,0.0,0.04,0.04,,0.037,0.037,,0.075,0.075,,0.0,0.0,,seasonal_naive
2019-12-30,JUNIN,0.0,0.05133520612803524,0.052210786015743825,0.074636668696784,0.0,0.051,0.051,,0.052,0.052,,0.075,0.075,,0.0,0.0,,seasonal_naive
2020-01-06,JUNIN,0.0,0.04508233458126269,0.06730795803094128,0.074636668696784,0.074636668696784,0.045,0.045,,0.067,0.067,,0.075,0.075,,0.075,0.075,,arima
2020-01-13,JUNIN,0.0,0.0,0.05584492316310862,0.0,0.074636668696784,0.0,0.0,,0.056,0.056,,0.0,0.0,,0.075,0.075,,arima
2020-01-20,JUNIN,0.07400335975253268,0.0,0.05598558004611726,0.0,0.074636668696784,-0.074,0.074,100.0,-0.018,0.018,24.3,-0.074,0.074,100.0,0.001,0.001,1.4,seasonal_naive
2020-01-27,JUNIN,0.07400335975253268,0.0,0.0700002711478272,0.0,0.0,-0.074,0.074,100.0,-0.004,0.004,5.4,-0.074,0.074,100.0,-0.074,0.074,100.0,holt_winters
2020-02-03,JUNIN,0.07400335975253268,0.0,0.04144967311308807,0.0,0.0,-0.074,0.074,100.0,-0.033,0.033,44.6,-0.074,0.074,100.0,-0.074,0.074,100.0,holt_winters
2020-02-10,JUNIN,0.0,0.02099355537524268,0.09177993637489218,0.07400335975253268,0.074636668696784,0.021,0.021,,0.092,0.092,,0.074,0.074,,0.075,0.075,,arima
2020-02-17,JUNIN,0.0,0.04637131921776152,0.07478787935181548,0.07400335975253268,0.074636668696784,0.046,0.046,,0.075,0.075,,0.074,0.074,,0.075,0.075,,arima
2020-02-24,JUNIN,0.0,0.043412220466519776,0.10480561500226444,0.07400335975253268,0.22391000609035205,0.043,0.043,,0.105,0.105,,0.074,0.074,,0.224,0.224,,arima
2020-03-02,JUNIN,0.0,0.03850328459094235,0.10638909260066301,0.07400335975253268,0.14927333739356805,0.039,0.039,,0.106,0.106,,0.074,0.074,,0.149,0.149,,arima
2020-03-09,JUNIN,0.0,0.016987507624436363,0.0,0.0,0.14927333739356805,0.017,0.017,,0.0,0.0,,0.0,0.0,,0.149,0.149,,holt_winters
2020-03-16,JUNIN,0.0,0.004703097298151943,0.0,0.0,0.0,0.005,0.005,,0.0,0.0,,0.0,0.0,,0.0,0.0,,holt_winters
2020-03-23,JUNIN,0.0,0.008395645612136174,0.0,0.0,0.074636668696784,0.008,0.008,,0.0,0.0,,0.0,0.0,,0.075,0.075,,holt_winters
2020-03-30,JUNIN,0.0,0.009206314952613846,0.012821845698199255,0.0,0.074636668696784,0.009,0.009,,0.013,0.013,,0.0,0.0,,0.075,0.075,,naive
2020-04-06,JUNIN,0.0,0.0,0.023664656490659686,0.0,0.074636668696784,0.0,0.0,,0.024,0.024,,0.0,0.0,,0.075,0.075,,arima
2020-04-13,JUNIN,0.0,0.0,0.030264096913813286,0.0,0.0,0.0,0.0,,0.03,0.03,,0.0,0.0,,0.0,0.0,,arima
2020-04-20,JUNIN,0.0,0.0,0.0,0.0,0.0,0.0,0.0,,0.0,0.0,,0.0,0.0,,0.0,0.0,,arima
2020-04-27,JUNIN,0.0,0.0,0.0,0.0,0.0,0.0,0.0,,0.0,0.0,,0.0,0.0,,0.0,0.0,,arima
2020-05-04,JUNIN,0.0,0.0021106174867635196,0.0,0.0,0.0,0.002,0.002,,0.0,0.0,,0.0,0.0,,0.0,0.0,,holt_winters
2020-05-11,JUNIN,0.0,0.014917001624162965,0.010408080001703846,0.0,0.0,0.015,0.015,,0.01,0.01,,0.0,0.0,,0.0,0.0,,naive
2020-05-18,JUNIN,0.0,0.005495618853761786,0.0031539933822779605,0.0,0.0,0.005,0.005,,0.003,0.003,,0.0,0.0,,0.0,0.0,,naive
2020-05-25,JUNIN,0.0,0.008362638098904484,0.0,0.0,0.0,0.008,0.008,,0.0,0.0,,0.0,0.0,,0.0,0.0,,holt_winters
2020-06-01,JUNIN,0.0,0.01108515641818601,0.0,0.0,0.0,0.011,0.011,,0.0,0.0,,0.0,0.0,,0.0,0.0,,holt_winters
2020-06-08,JUNIN,0.0,0.001445227024820072,0.04765819927365481,0.0,0.074636668696784,0.001,0.001,,0.048,0.048,,0.0,0.0,,0.075,0.075,,naive
2020-06-15,JUNIN,0.07400335975253268,0.005103276433545316,0.15018863294557597,0.0,0.14927333739356805,-0.069,0.069,93.2,0.076,0.076,102.7,-0.074,0.074,100.0,0.075,0.075,101.3,arima
2020-06-22,JUNIN,0.07400335975253268,0.00516021432781492,0.17261639151530325,0.0,0.2985466747871362,-0.069,0.069,93.2,0.099,0.099,133.8,-0.074,0.074,100.0,0.225,0.225,304.0,arima
2020-06-29,JUNIN,0.07400335975253268,0.09197454469200728,0.05116550265422638,0.07400335975253268,0.2985466747871362,0.018,0.018,24.3,-0.023,0.023,31.1,0.0,0.0,0.0,0.225,0.225,304.0,naive
2020-07-06,JUNIN,0.0,0.05016848831317367,0.0,0.07400335975253268,0.22391000609035205,0.05,0.05,,0.0,0.0,,0.074,0.074,,0.224,0.224,,holt_winters
2020-07-13,JUNIN,0.0,0.07423339174140627,0.0,0.07400335975253268,0.074636668696784,0.074,0.074,,0.0,0.0,,0.074,0.074,,0.075,0.075,,holt_winters
2020-07-20,JUNIN,0.0,0.06842820846150896,0.0,0.07400335975253268,0.0,0.068,0.068,,0.0,0.0,,0.074,0.074,,0.0,0.0,,holt_winters
2020-07-27,JUNIN,0.0,0.006978952930856372,0.0,0.0,0.074636668696784,0.007,0.007,,0.0,0.0,,0.0,0.0,,0.075,0.075,,holt_winters
2020-08-03,JUNIN,0.0,0.015205178276283192,0.02279687481066348,0.0,0.14927333739356805,0.015,0.015,,0.023,0.023,,0.0,0.0,,0.149,0.149,,naive
2020-08-10,JUNIN,0.0,0.007695445227776902,0.018644990543041164,0.0,0.2239100060903522,0.008,0.008,,0.019,0.019,,0.0,0.0,,0.224,0.224,,naive
2020-08-17,JUNIN,0.0,0.010707242297334225,0.0030215397276498433,0.0,0.14927333739356805,0.011,0.011,,0.003,0.003,,0.0,0.0,,0.149,0.149,,naive
2020-08-24,JUNIN,0.0,0.004821674294377242,0.0,0.0,0.074636668696784,0.005,0.005,,0.0,0.0,,0.0,0.0,,0.075,0.075,,holt_winters
2020-08-31,JUNIN,0.0,0.0,0.0,0.0,0.14927333739356805,0.0,0.0,,0.0,0.0,,0.0,0.0,,0.149,0.149,,arima
2020-09-07,JUNIN,0.0,0.0005826805374538711,0.0,0.0,0.14927333739356805,0.001,0.001,,0.0,0.0,,0.0,0.0,,0.149,0.149,,holt_winters
2020-09-14,JUNIN,0.0,0.0,0.0,0.0,0.14927333739356805,0.0,0.0,,0.0,0.0,,0.0,0.0,,0.149,0.149,,arima
2020-09-21,JUNIN,0.0,0.0,0.0,0.0,0.0,0.0,0.0,,0.0,0.0,,0.0,0.0,,0.0,0.0,,arima
2020-09-28,JUNIN,0.0,0.0,0.0,0.0,0.0,0.0,0.0,,0.0,0.0,,0.0,0.0,,0.0,0.0,,arima
2020-10-05,JUNIN,0.0,0.0,0.0,0.0,0.0,0.0,0.0,,0.0,0.0,,0.0,0.0,,0.0,0.0,,arima
2020-10-12,JUNIN,0.0,0.0,0.0,0.0,0.0,0.0,0.0,,0.0,0.0,,0.0,0.0,,0.0,0.0,,arima
2020-10-19,JUNIN,0.0,0.005713993385675225,0.0,0.0,0.0,0.006,0.006,,0.0,0.0,,0.0,0.0,,0.0,0.0,,holt_winters
2020-10-26,JUNIN,0.0,0.00959579886804131,0.0,0.0,0.0,0.01,0.01,,0.0,0.0,,0.0,0.0,,0.0,0.0,,holt_winters
2020-11-02,JUNIN,0.0,0.005511148555076926,0.028513921991126404,0.0,0.0,0.006,0.006,,0.029,0.029,,0.0,0.0,,0.0,0.0,,naive
2020-11-09,JUNIN,0.0,0.007350230240986875,0.04364352289264388,0.0,0.0,0.007,0.007,,0.044,0.044,,0.0,0.0,,0.0,0.0,,naive
2020-11-16,JUNIN,0.0,0.0018601739728322235,0.004435672380150326,0.0,0.0,0.002,0.002,,0.004,0.004,,0.0,0.0,,0.0,0.0,,naive
2020-11-23,JUNIN,0.0,0.0,0.005890560217769416,0.0,0.074636668696784,0.0,0.0,,0.006,0.006,,0.0,0.0,,0.075,0.075,,arima
2020-11-30,JUNIN,0.0,0.0,0.0,0.0,0.074636668696784,0.0,0.0,,0.0,0.0,,0.0,0.0,,0.075,0.075,,arima
2020-12-07,JUNIN,0.0,0.0,0.0,0.0,0.074636668696784,0.0,0.0,,0.0,0.0,,0.0,0.0,,0.075,0.075,,arima
2020-12-14,JUNIN,0.0,0.0,0.0,0.0,0.0,0.0,0.0,,0.0,0.0,,0.0,0.0,,0.0,0.0,,arima
2020-12-21,JUNIN,0.0,0.0,0.0,0.0,0.0,0.0,0.0,,0.0,0.0,,0.0,0.0,,0.0,0.0,,arima
2020-12-28,JUNIN,0.0,0.0,0.0,0.0,0.0,0.0,0.0,,0.0,0.0,,0.0,0.0,,0.0,0.0,,arima
2021-01-04,JUNIN,0.0,0.0,0.0,0.0,0.0,0.0,0.0,,0.0,0.0,,0.0,0.0,,0.0,0.0,,arima
2021-01-11,JUNIN,0.0,0.003977670663518136,0.058373529661164124,0.0,0.0,0.004,0.004,,0.058,0.058,,0.0,0.0,,0.0,0.0,,naive
2021-01-18,JUNIN,0.0,0.006329429523920106,0.07187770563874085,0.0,0.07400335975253268,0.006,0.006,,0.072,0.072,,0.0,0.0,,0.074,0.074,,naive
2021-01-25,JUNIN,0.0,0.0037430739397710825,0.06952364299878075,0.0,0.07400335975253268,0.004,0.004,,0.07,0.07,,0.0,0.0,,0.074,0.074,,naive
2021-02-01,JUNIN,0.0,0.004931774276040924,0.039503414534997686,0.0,0.07400335975253268,0.005,0.005,,0.04,0.04,,0.0,0.0,,0.074,0.074,,naive
2021-02-08,JUNIN,0.0,0.0009312065248106371,0.0,0.0,0.0,0.001,0.001,,0.0,0.0,,0.0,0.0,,0.0,0.0,,holt_winters
2021-02-15,JUNIN,0.0,0.0,0.0,0.0,0.0,0.0,0.0,,0.0,0.0,,0.0,0.0,,0.0,0.0,,arima
2021-02-22,JUNIN,0.0,0.0,0.0034573881006493674,0.0,0.0,0.0,0.0,,0.003,0.003,,0.0,0.0,,0.0,0.0,,arima
2021-03-01,JUNIN,0.07338076176568782,0.0,0.0,0.0,0.0,-0.073,0.073,99.5,-0.073,0.073,99.5,-0.073,0.073,99.5,-0.073,0.073,99.5,arima
2021-03-08,JUNIN,0.07338076176568782,0.09194733829991444,0.04108361126675032,0.07338076176568782,0.0,0.019,0.019,25.9,-0.032,0.032,43.6,0.0,0.0,0.0,-0.073,0.073,99.5,naive
2021-03-15,JUNIN,0.07338076176568782,0.1299093088446753,0.028416026732735113,0.07338076176568782,0.0,0.057,0.057,77.7,-0.045,0.045,61.3,0.0,0.0,0.0,-0.073,0.073,99.5,naive
2021-03-22,JUNIN,0.0,0.09812004795747468,0.04430724595701293,0.07338076176568782,0.0,0.098,0.098,,0.044,0.044,,0.073,0.073,,0.0,0.0,,seasonal_naive
2021-03-29,JUNIN,0.0,0.1098568255024511,0.07385097784573758,0.07338076176568782,0.0,0.11,0.11,,0.074,0.074,,0.073,0.073,,0.0,0.0,,seasonal_naive
2021-04-05,JUNIN,0.0,0.0,0.0,0.0,0.0,0.0,0.0,,0.0,0.0,,0.0,0.0,,0.0,0.0,,arima
2021-04-12,JUNIN,0.0,0.004166781299550603,0.0054002523671277105,0.0,0.0,0.004,0.004,,0.005,0.005,,0.0,0.0,,0.0,0.0,,naive
2021-04-19,JUNIN,0.0,0.0008876728323542659,0.0,0.0,0.0,0.001,0.001,,0.0,0.0,,0.0,0.0,,0.0,0.0,,holt_winters
2021-04-26,JUNIN,0.0,0.0018106711935053851,0.0,0.0,0.0,0.002,0.002,,0.0,0.0,,0.0,0.0,,0.0,0.0,,holt_winters
2021-05-03,JUNIN,0.0,0.0049312387514521844,0.0,0.0,0.0,0.005,0.005,,0.0,0.0,,0.0,0.0,,0.0,0.0,,holt_winters
2021-05-10,JUNIN,0.0,0.002230535011573448,0.0,0.0,0.0,0.002,0.002,,0.0,0.0,,0.0,0.0,,0.0,0.0,,holt_winters
2021-05-17,JUNIN,0.0,0.0028555602702423208,0.0,0.0,0.0,0.003,0.003,,0.0,0.0,,0.0,0.0,,0.0,0.0,,holt_winters
2021-05-24,JUNIN,0.0,0.0030913482739341968,0.0,0.0,0.0,0.003,0.003,,0.0,0.0,,0.0,0.0,,0.0,0.0,,holt_winters
2021-05-31,JUNIN,0.0,0.0,0.001994387204138508,0.0,0.0,0.0,0.0,,0.002,0.002,,0.0,0.0,,0.0,0.0,,arima
2021-06-07,JUNIN,0.0,0.0,0.06448077711711274,0.0,0.0,0.0,0.0,,0.064,0.064,,0.0,0.0,,0.0,0.0,,arima
2021-06-14,JUNIN,0.0,0.0,0.19975174924518432,0.0,0.07400335975253268,0.0,0.0,,0.2,0.2,,0.0,0.0,,0.074,0.074,,arima
2021-06-21,JUNIN,0.0,0.0,0.22042357174842134,0.0,0.07400335975253268,0.0,0.0,,0.22,0.22,,0.0,0.0,,0.074,0.074,,arima
2021-06-28,JUNIN,0.0,0.0,0.0,0.0,0.07400335975253268,0.0,0.0,,0.0,0.0,,0.0,0.0,,0.074,0.074,,arima
2021-07-05,JUNIN,0.0,0.0028720279112469664,0.0,0.0,0.0,0.003,0.003,,0.0,0.0,,0.0,0.0,,0.0,0.0,,holt_winters
2021-07-12,JUNIN,0.0,0.0006545380434929398,0.0,0.0,0.0,0.001,0.001,,0.0,0.0,,0.0,0.0,,0.0,0.0,,holt_winters
2021-07-19,JUNIN,0.07338076176568782,0.0013200267218257246,0.0,0.0,0.0,-0.072,0.072,98.1,-0.073,0.073,99.5,-0.073,0.073,99.5,-0.073,0.073,99.5,arima
2021-07-26,JUNIN,0.07338076176568782,0.09886271334041248,0.05943719979619434,0.07338076176568782,0.0,0.025,0.025,34.1,-0.014,0.014,19.1,0.0,0.0,0.0,-0.073,0.073,99.5,naive
2021-08-02,JUNIN,0.07338076176568782,0.13628673932975552,0.07870708722527515,0.07338076176568782,0.0,0.063,0.063,85.9,0.005,0.005,6.8,0.0,0.0,0.0,-0.073,0.073,99.5,naive
2021-08-09,JUNIN,0.0,0.10430689983468526,0.08276581146564686,0.07338076176568782,0.0,0.104,0.104,,0.083,0.083,,0.073,0.073,,0.0,0.0,,seasonal_naive
2021-08-16,JUNIN,0.0,0.11724595586732287,0.07270786729719522,0.07338076176568782,0.0,0.117,0.117,,0.073,0.073,,0.073,0.073,,0.0,0.0,,seasonal_naive
2021-08-23,JUNIN,0.0,0.0,0.0,0.0,0.0,0.0,0.0,,0.0,0.0,,0.0,0.0,,0.0,0.0,,arima
2021-08-30,JUNIN,0.0,0.0,0.0,0.0,0.0,0.0,0.0,,0.0,0.0,,0.0,0.0,,0.0,0.0,,arima
2021-09-06,JUNIN,0.0,0.0,0.0,0.0,0.0,0.0,0.0,,0.0,0.0,,0.0,0.0,,0.0,0.0,,arima
2021-09-13,JUNIN,0.07338076176568782,0.0,0.0,0.0,0.0,-0.073,0.073,99.5,-0.073,0.073,99.5,-0.073,0.073,99.5,-0.073,0.073,99.5,arima
2021-09-20,JUNIN,0.07338076176568782,0.10103559997640418,0.047036767122913145,0.07338076176568782,0.0,0.028,0.028,38.2,-0.026,0.026,35.4,0.0,0.0,0.0,-0.073,0.073,99.5,naive
2021-09-27,JUNIN,0.07338076176568782,0.14166037658299446,0.03242229734313228,0.07338076176568782,0.0,0.068,0.068,92.7,-0.041,0.041,55.9,0.0,0.0,0.0,-0.073,0.073,99.5,naive
2021-10-04,JUNIN,0.0,0.10750247109592855,0.03190582213518629,0.07338076176568782,0.0,0.108,0.108,,0.032,0.032,,0.073,0.073,,0.0,0.0,,seasonal_naive
2021-10-11,JUNIN,0.0,0.11999952420366038,0.03141165416400326,0.07338076176568782,0.0,0.12,0.12,,0.031,0.031,,0.073,0.073,,0.0,0.0,,seasonal_naive
2021-10-18,JUNIN,0.0,0.0,0.0008818032273316118,0.0,0.0,0.0,0.0,,0.001,0.001,,0.0,0.0,,0.0,0.0,,arima
2021-10-25,JUNIN,0.0,0.0,0.0006724503819348925,0.0,0.0,0.0,0.0,,0.001,0.001,,0.0,0.0,,0.0,0.0,,arima
2021-11-01,JUNIN,0.0,0.0,0.01411163783844503,0.0,0.0,0.0,0.0,,0.014,0.014,,0.0,0.0,,0.0,0.0,,arima
2021-11-08,JUNIN,0.0,0.0,0.028875758096484315,0.0,0.0,0.0,0.0,,0.029,0.029,,0.0,0.0,,0.0,0.0,,arima
2021-11-15,JUNIN,0.0,0.0006363370720110471,0.002874135517874084,0.0,0.0,0.001,0.001,,0.003,0.003,,0.0,0.0,,0.0,0.0,,naive
2021-11-22,JUNIN,0.07338076176568782,0.0022139485428270696,0.014374992394288804,0.0,0.0,-0.071,0.071,96.8,-0.059,0.059,80.4,-0.073,0.073,99.5,-0.073,0.073,99.5,holt_winters
2021-11-29,JUNIN,0.07338076176568782,0.0010065739614268992,0.0002991890790660285,0.0,0.0,-0.072,0.072,98.1,-0.073,0.073,99.5,-0.073,0.073,99.5,-0.073,0.073,99.5,arima
2021-12-06,JUNIN,0.07338076176568782,0.0014200642918577359,0.0,0.0,0.0,-0.072,0.072,98.1,-0.073,0.073,99.5,-0.073,0.073,99.5,-0.073,0.073,99.5,arima
2021-12-13,JUNIN,0.0,0.026017555031126034,0.017610558923890175,0.07338076176568782,0.0,0.026,0.026,,0.018,0.018,,0.073,0.073,,0.0,0.0,,seasonal_naive
2021-12-20,JUNIN,0.0,0.03030294885891421,0.017103069601964706,0.07338076176568782,0.0,0.03,0.03,,0.017,0.017,,0.073,0.073,,0.0,0.0,,seasonal_naive
2021-12-27,JUNIN,0.0,0.03899309478620786,0.016642278141967823,0.07338076176568782,0.0,0.039,0.039,,0.017,0.017,,0.073,0.073,,0.0,0.0,,seasonal_naive
2022-01-03,JUNIN,0.0,0.0320855448525323,0.030953880270374063,0.07338076176568782,0.0,0.032,0.032,,0.031,0.031,,0.073,0.073,,0.0,0.0,,seasonal_naive
2022-01-10,JUNIN,0.0,0.0,0.03794105001286424,0.0,0.0,0.0,0.0,,0.038,0.038,,0.0,0.0,,0.0,0.0,,arima
2022-01-17,JUNIN,0.0,0.0,0.05283136508859139,0.0,0.0,0.0,0.0,,0.053,0.053,,0.0,0.0,,0.0,0.0,,arima
2022-01-24,JUNIN,0.07276849938983607,0.0,0.05201299402679882,0.0,0.0,-0.073,0.073,100.3,-0.021,0.021,28.9,-0.073,0.073,100.3,-0.073,0.073,100.3,holt_winters
2022-01-31,JUNIN,0.07276849938983607,0.0,0.023803841252803364,0.0,0.0,-0.073,0.073,100.3,-0.049,0.049,67.3,-0.073,0.073,100.3,-0.073,0.073,100.3,holt_winters
2022-02-07,JUNIN,0.14553699877967222,0.09937171006981069,0.07238347114794147,0.07276849938983605,0.0,-0.046,0.046,31.6,-0.073,0.073,50.2,-0.073,0.073,50.2,-0.146,0.146,100.3,arima
2022-02-14,JUNIN,0.07276849938983607,0.06308424098525152,0.0711586132902573,0.07276849938983605,0.0,-0.01,0.01,13.7,-0.002,0.002,2.7,-0.0,0.0,0.0,-0.073,0.073,100.3,naive
2022-02-21,JUNIN,0.07276849938983607,0.08065827825318751,0.08457137313587594,0.07276849938983605,0.0,0.008,0.008,11.0,0.012,0.012,16.5,-0.0,0.0,0.0,-0.073,0.073,100.3,naive
2022-02-28,JUNIN,0.0,0.07784591998571644,0.08624668776743345,0.07276849938983605,0.07338076176568782,0.078,0.078,,0.086,0.086,,0.073,0.073,,0.073,0.073,,naive
2022-03-07,JUNIN,0.0,0.003376680657197913,0.0,0.0,0.07338076176568782,0.003,0.003,,0.0,0.0,,0.0,0.0,,0.073,0.073,,holt_winters
2022-03-14,JUNIN,0.0,0.0,0.0,0.0,0.07338076176568782,0.0,0.0,,0.0,0.0,,0.0,0.0,,0.073,0.073,,arima
2022-03-21,JUNIN,0.0,0.00034864916039120935,0.0,0.0,0.0,0.0,0.0,,0.0,0.0,,0.0,0.0,,0.0,0.0,,arima
2022-03-28,JUNIN,0.0,0.0,0.002754434811771534,0.0,0.0,0.0,0.0,,0.003,0.003,,0.0,0.0,,0.0,0.0,,arima
2022-04-04,JUNIN,0.0,0.0,0.0,0.0,0.0,0.0,0.0,,0.0,0.0,,0.0,0.0,,0.0,0.0,,arima
2022-04-11,JUNIN,0.0,0.0,0.0,0.0,0.0,0.0,0.0,,0.0,0.0,,0.0,0.0,,0.0,0.0,,arima
2022-04-18,JUNIN,0.0,0.0,0.0,0.0,0.0,0.0,0.0,,0.0,0.0,,0.0,0.0,,0.0,0.0,,arima
2022-04-25,JUNIN,0.0,0.0,0.0,0.0,0.0,0.0,0.0,,0.0,0.0,,0.0,0.0,,0.0,0.0,,arima
2022-05-02,JUNIN,0.0,0.004526762118396818,0.0,0.0,0.0,0.005,0.005,,0.0,0.0,,0.0,0.0,,0.0,0.0,,holt_winters
2022-05-09,JUNIN,0.0,0.006563750586364205,0.0,0.0,0.0,0.007,0.007,,0.0,0.0,,0.0,0.0,,0.0,0.0,,holt_winters
2022-05-16,JUNIN,0.0,0.003961397877929546,0.0,0.0,0.0,0.004,0.004,,0.0,0.0,,0.0,0.0,,0.0,0.0,,holt_winters
2022-05-23,JUNIN,0.14553699877967222,0.005067882405546334,0.0,0.0,0.0,-0.14,0.14,96.2,-0.146,0.146,100.3,-0.146,0.146,100.3,-0.146,0.146,100.3,arima
2022-05-30,JUNIN,0.14553699877967222,0.20052832161608794,0.13758616690497377,0.14553699877967222,0.0,0.055,0.055,37.8,-0.008,0.008,5.5,0.0,0.0,0.0,-0.146,0.146,100.3,naive
2022-06-06,JUNIN,0.21830549816950837,0.2704377520608213,0.22029627073873567,0.14553699877967222,0.0,0.052,0.052,23.8,0.002,0.002,0.9,-0.073,0.073,33.4,-0.218,0.218,99.9,holt_winters
2022-06-13,JUNIN,0.14553699877967222,0.210169431701871,0.3427353938794831,0.14553699877967222,0.0,0.065,0.065,44.7,0.197,0.197,135.4,0.0,0.0,0.0,-0.146,0.146,100.3,naive
2022-06-20,JUNIN,0.14553699877967222,0.22736185624869798,0.3427353938794831,0.14553699877967222,0.0,0.082,0.082,56.3,0.197,0.197,135.4,0.0,0.0,0.0,-0.146,0.146,100.3,naive
2022-06-27,JUNIN,0.14553699877967222,0.13067182984914144,0.11656867828875296,0.14553699877967222,0.0,-0.015,0.015,10.3,-0.029,0.029,19.9,0.0,0.0,0.0,-0.146,0.146,100.3,naive
2022-07-04,JUNIN,0.07276849938983607,0.10315279603951133,0.02212514274918595,0.14553699877967222,0.0,0.03,0.03,41.2,-0.051,0.051,70.1,0.073,0.073,100.3,-0.073,0.073,100.3,arima
2022-07-11,JUNIN,0.07276849938983607,0.12673614184548174,0.02539241410584212,0.14553699877967222,0.0,0.054,0.054,74.2,-0.047,0.047,64.6,0.073,0.073,100.3,-0.073,0.073,100.3,holt_winters
2022-07-18,JUNIN,0.0,0.12074974460784804,0.016701954914681606,0.14553699877967222,0.07338076176568782,0.121,0.121,,0.017,0.017,,0.146,0.146,,0.073,0.073,,holt_winters
2022-07-25,JUNIN,0.0,0.0038734738112380595,0.004491943337574069,0.0,0.07338076176568782,0.004,0.004,,0.004,0.004,,0.0,0.0,,0.073,0.073,,naive
2022-08-01,JUNIN,0.0,0.0,0.0,0.0,0.07338076176568782,0.0,0.0,,0.0,0.0,,0.0,0.0,,0.073,0.073,,arima
2022-08-08,JUNIN,0.07276849938983607,0.0,0.006174162577518172,0.0,0.0,-0.073,0.073,100.3,-0.067,0.067,92.1,-0.073,0.073,100.3,-0.073,0.073,100.3,holt_winters
2022-08-15,JUNIN,0.07276849938983607,0.0,0.0,0.0,0.0,-0.073,0.073,100.3,-0.073,0.073,100.3,-0.073,0.073,100.3,-0.073,0.073,100.3,arima
2022-08-22,JUNIN,0.14553699877967222,0.09081803017557093,0.05386273652879672,0.07276849938983605,0.0,-0.055,0.055,37.8,-0.092,0.092,63.2,-0.073,0.073,50.2,-0.146,0.146,100.3,arima
2022-08-29,JUNIN,0.07276849938983607,0.05811887726101182,0.058074748674208906,0.07276849938983605,0.0,-0.015,0.015,20.6,-0.015,0.015,20.6,-0.0,0.0,0.0,-0.073,0.073,100.3,naive
2022-09-05,JUNIN,0.07276849938983607,0.07433980913392026,0.07790897810672809,0.07276849938983605,0.0,0.002,0.002,2.7,0.005,0.005,6.9,-0.0,0.0,0.0,-0.073,0.073,100.3,naive
2022-09-12,JUNIN,0.0,0.07414386469175854,0.09674546551802884,0.07276849938983605,0.07338076176568782,0.074,0.074,,0.097,0.097,,0.073,0.073,,0.073,0.073,,naive
2022-09-19,JUNIN,0.0,0.004456858942968417,0.0,0.0,0.07338076176568782,0.004,0.004,,0.0,0.0,,0.0,0.0,,0.073,0.073,,holt_winters
2022-09-26,JUNIN,0.0,0.002981408573531003,0.0,0.0,0.07338076176568782,0.003,0.003,,0.0,0.0,,0.0,0.0,,0.073,0.073,,holt_winters
2022-10-03,JUNIN,0.0,0.002555541636460646,0.0,0.0,0.0,0.003,0.003,,0.0,0.0,,0.0,0.0,,0.0,0.0,,holt_winters
2022-10-10,JUNIN,0.0,0.0033152834640012433,0.0,0.0,0.0,0.003,0.003,,0.0,0.0,,0.0,0.0,,0.0,0.0,,holt_winters
2022-10-17,JUNIN,0.0,0.0,0.0005968388765277494,0.0,0.0,0.0,0.0,,0.001,0.001,,0.0,0.0,,0.0,0.0,,arima
2022-10-24,JUNIN,0.07276849938983607,0.0,0.0,0.0,0.0,-0.073,0.073,100.3,-0.073,0.073,100.3,-0.073,0.073,100.3,-0.073,0.073,100.3,arima
2022-10-31,JUNIN,0.14553699877967222,0.0,0.008374876335523584,0.0,0.0,-0.146,0.146,100.3,-0.137,0.137,94.1,-0.146,0.146,100.3,-0.146,0.146,100.3,holt_winters
2022-11-07,JUNIN,0.2910739975593445,0.0,0.02122772439458097,0.0,0.0,-0.291,0.291,100.0,-0.27,0.27,92.8,-0.291,0.291,100.0,-0.291,0.291,100.0,holt_winters
2022-11-14,JUNIN,0.21830549816950837,0.30765788040406006,0.2831945076424406,0.29107399755934454,0.0,0.089,0.089,40.8,0.065,0.065,29.8,0.073,0.073,33.4,-0.218,0.218,99.9,holt_winters
2022-11-21,JUNIN,0.14553699877967222,0.30765788040406006,0.30765788040406006,0.29107399755934454,0.07338076176568782,0.162,0.162,111.3,0.162,0.162,111.3,0.146,0.146,100.3,-0.072,0.072,49.5,seasonal_naive
2022-11-28,JUNIN,0.0,0.30765788040406006,0.29400916377908826,0.29107399755934454,0.07338076176568782,0.308,0.308,,0.294,0.294,,0.291,0.291,,0.073,0.073,,seasonal_naive
2022-12-05,JUNIN,0.0,0.30765788040406006,0.29121170921118966,0.29107399755934454,0.07338076176568782,0.308,0.308,,0.291,0.291,,0.291,0.291,,0.073,0.073,,seasonal_naive
