date,region,actual,random_forest,xgboost,random_forest_error,random_forest_abs_error,random_forest_pct_error,xgboost_error,xgboost_abs_error,xgboost_pct_error,best_model
2011-12-26,TUMBES,0.0,0.439313195072199,0.4221598763210644,0.439,0.439,,0.422,0.422,,xgboost
2012-01-02,TUMBES,0.0,0.3806893370294906,0.2503593887303322,0.381,0.381,,0.25,0.25,,xgboost
2012-01-09,TUMBES,0.0,0.31695762932717797,0.20502206985655555,0.317,0.317,,0.205,0.205,,xgboost
2012-01-16,TUMBES,0.4597658872102326,0.26988579494587644,0.20646773036618066,-0.19,0.19,41.3,-0.253,0.253,55.0,random_forest
2012-01-23,TUMBES,0.4597658872102326,0.454770938795996,0.17977068341036234,-0.005,0.005,1.1,-0.28,0.28,60.9,random_forest
2012-01-30,TUMBES,0.4597658872102326,0.488384529773625,0.23754492819804812,0.029,0.029,6.3,-0.222,0.222,48.3,random_forest
2012-02-06,TUMBES,0.0,0.43741715975821654,0.2281707229792361,0.437,0.437,,0.228,0.228,,xgboost
2012-02-13,TUMBES,0.0,0.11668803501776047,0.1453714217015036,0.117,0.117,,0.145,0.145,,random_forest
2012-02-20,TUMBES,0.9195317744204652,0.07146131588423622,0.09972398267121863,-0.848,0.848,92.2,-0.82,0.82,89.2,xgboost
2012-02-27,TUMBES,0.9195317744204652,0.5254852584122947,0.7625929487476824,-0.394,0.394,42.8,-0.157,0.157,17.1,xgboost
2012-03-05,TUMBES,1.8390635488409304,0.6762164142113742,0.7631073913328683,-1.163,1.163,63.2,-1.076,1.076,58.5,xgboost
2012-03-12,TUMBES,1.8390635488409304,1.2507953178729405,1.4596487933158189,-0.588,0.588,32.0,-0.379,0.379,20.6,xgboost
2012-03-19,TUMBES,1.8390635488409304,1.1732036926239777,1.3218729034886727,-0.666,0.666,36.2,-0.517,0.517,28.1,xgboost
2012-03-26,TUMBES,3.218361210471628,1.2393878809913246,1.4838902508392589,-1.979,1.979,61.5,-1.734,1.734,53.9,xgboost
2012-04-02,TUMBES,2.2988294360511627,2.0056613845001783,2.3198586410257604,-0.293,0.293,12.7,0.021,0.021,0.9,xgboost
2012-04-09,TUMBES,3.6781270976818603,1.8434370279918384,1.7447004038193716,-1.835,1.835,49.9,-1.933,1.933,52.6,random_forest
2012-04-16,TUMBES,1.8390635488409302,2.1952043582657748,2.9024723703233364,0.356,0.356,19.4,1.063,1.063,57.8,random_forest
2012-04-23,TUMBES,1.8390635488409302,1.782480706594554,1.3423893391655275,-0.057,0.057,3.1,-0.497,0.497,27.0,random_forest
2012-04-30,TUMBES,0.9195317744204652,1.3321741443476256,1.1167042642417755,0.413,0.413,44.9,0.197,0.197,21.4,xgboost
2012-05-07,TUMBES,0.4597658872102326,0.7585593669684363,0.6493262424134187,0.299,0.299,65.0,0.19,0.19,41.3,xgboost
2012-05-14,TUMBES,0.4597658872102326,0.6302218703552118,0.4627739746999666,0.17,0.17,37.0,0.003,0.003,0.7,xgboost
2012-05-21,TUMBES,0.9195317744204652,0.5996017024345492,0.41465836720172244,-0.32,0.32,34.8,-0.505,0.505,54.9,random_forest
2012-05-28,TUMBES,0.9195317744204652,0.7289175390583649,0.7890809523288516,-0.191,0.191,20.8,-0.13,0.13,14.1,xgboost
2012-06-04,TUMBES,0.9195317744204652,0.6901503749473905,0.8020842265323442,-0.229,0.229,24.9,-0.117,0.117,12.7,xgboost
2012-06-11,TUMBES,0.4597658872102326,0.7008054392478553,0.8343050141274744,0.241,0.241,52.4,0.375,0.375,81.6,random_forest
2012-06-18,TUMBES,0.9195317744204652,0.46823999409961353,0.4091451526988646,-0.451,0.451,49.0,-0.51,0.51,55.5,random_forest
2012-06-25,TUMBES,0.9195317744204652,0.7311206205229155,0.8063809032771498,-0.188,0.188,20.4,-0.113,0.113,12.3,xgboost
2012-07-02,TUMBES,1.3792976616306978,0.6810106550456088,0.7638226696822727,-0.698,0.698,50.6,-0.615,0.615,44.6,xgboost
2012-07-09,TUMBES,1.3792976616306978,0.9294997441881439,0.8852677626846785,-0.45,0.45,32.6,-0.494,0.494,35.8,random_forest
2012-07-16,TUMBES,1.3792976616306978,1.0742716288591843,0.9311822386914435,-0.305,0.305,22.1,-0.448,0.448,32.5,random_forest
2012-07-23,TUMBES,1.379297661630698,1.0787706502638814,0.9225249037760888,-0.301,0.301,21.8,-0.457,0.457,33.1,random_forest
2012-07-30,TUMBES,1.379297661630698,1.0118951478531297,0.9036210338858155,-0.367,0.367,26.6,-0.476,0.476,34.5,random_forest
2012-08-06,TUMBES,1.379297661630698,1.16217424597619,1.1760274144098477,-0.217,0.217,15.7,-0.203,0.203,14.7,xgboost
2012-08-13,TUMBES,0.45976588721023287,1.1753331624458672,1.1686204840156353,0.716,0.716,155.7,0.709,0.709,154.2,xgboost
2012-08-20,TUMBES,0.45976588721023287,0.5468085613290135,0.3740530306438807,0.087,0.087,18.9,-0.086,0.086,18.7,xgboost
2012-08-27,TUMBES,0.9195317744204655,0.5080418343340058,0.46353946867892515,-0.411,0.411,44.7,-0.456,0.456,49.6,random_forest
2012-09-03,TUMBES,1.3792976616306978,0.8077529631732083,0.8983415961970864,-0.572,0.572,41.5,-0.481,0.481,34.9,xgboost
2012-09-10,TUMBES,0.9195317744204653,1.1364638686907265,1.2244471054598725,0.217,0.217,23.6,0.305,0.305,33.2,random_forest
2012-09-17,TUMBES,1.379297661630698,0.8135578424310159,0.75523166500656,-0.566,0.566,41.0,-0.624,0.624,45.2,random_forest
2012-09-24,TUMBES,0.9195317744204655,1.2212858390096972,1.2526593177968,0.302,0.302,32.8,0.333,0.333,36.2,random_forest
2012-10-01,TUMBES,0.9195317744204656,0.9353263726744199,0.8148690340614111,0.016,0.016,1.7,-0.105,0.105,11.4,random_forest
2012-10-08,TUMBES,0.9195317744204655,1.0126965079706522,0.9224647442250336,0.093,0.093,10.1,0.003,0.003,0.3,xgboost
2012-10-15,TUMBES,3.218361210471628,0.8589721331275402,0.8610085008294173,-2.359,2.359,73.3,-2.357,2.357,73.2,xgboost
2012-10-22,TUMBES,3.218361210471628,1.6709276230971013,2.5649400987454607,-1.547,1.547,48.1,-0.653,0.653,20.3,xgboost
2012-10-29,TUMBES,2.2988294360511627,2.8120563414047592,3.52345908801564,0.513,0.513,22.3,1.225,1.225,53.3,random_forest
2012-11-05,TUMBES,0.9195317744204652,2.1695328249399344,2.091364311768904,1.25,1.25,135.9,1.172,1.172,127.5,xgboost
2012-11-12,TUMBES,0.9195317744204652,1.0760942959622484,0.810946864008905,0.157,0.157,17.1,-0.109,0.109,11.9,xgboost
2012-11-19,TUMBES,1.8390635488409304,1.1711588920484637,1.1170435502069997,-0.668,0.668,36.3,-0.722,0.722,39.3,random_forest
2012-11-26,TUMBES,1.3792976616306978,1.4951779445542734,1.6230353122418308,0.116,0.116,8.4,0.244,0.244,17.7,random_forest
2012-12-03,TUMBES,1.8390635488409304,1.2292405712424426,1.0030969530639284,-0.61,0.61,33.2,-0.836,0.836,45.5,random_forest
2012-12-10,TUMBES,0.9195317744204652,1.4036578012222507,1.489162173830894,0.484,0.484,52.6,0.57,0.57,62.0,random_forest
2012-12-17,TUMBES,1.3792976616306978,1.100262171985137,0.7605762403967526,-0.279,0.279,20.2,-0.619,0.619,44.9,random_forest
2012-12-24,TUMBES,1.8390635488409304,0.9807120265807641,0.9927731543900937,-0.858,0.858,46.7,-0.846,0.846,46.0,xgboost
2012-12-31,TUMBES,3.2183612104716275,1.1376409150212203,1.3792374629986615,-2.081,2.081,64.7,-1.839,1.839,57.1,xgboost
2013-01-07,TUMBES,5.014486557183048,1.8119263657121794,2.5392436120144724,-3.203,3.203,63.9,-2.475,2.475,49.4,xgboost
2013-01-14,TUMBES,5.452783343328526,3.1902986388516696,3.701844680628996,-2.262,2.262,41.5,-1.751,1.751,32.1,xgboost
2013-01-21,TUMBES,6.789142802829713,3.865365092564682,3.9909841454828783,-2.924,2.924,43.1,-2.798,2.798,41.2,xgboost
2013-01-28,TUMBES,4.073485681697828,3.263955797515189,3.1843412221831384,-0.81,0.81,19.9,-0.889,0.889,21.8,random_forest
2013-02-04,TUMBES,2.715657121131885,3.1142545209198182,3.077794187646984,0.399,0.399,14.7,0.362,0.362,13.3,xgboost
2013-02-11,TUMBES,1.3578285605659424,2.6013853484769442,1.8046893835342033,1.244,1.244,91.6,0.447,0.447,32.9,xgboost
2013-02-18,TUMBES,3.168266641320533,1.9132234142949573,0.9441868111341416,-1.255,1.255,39.6,-2.224,2.224,70.2,random_forest
2013-02-25,TUMBES,3.6208761615091802,2.1191343000742293,2.861560427927353,-1.502,1.502,41.5,-0.759,0.759,21.0,xgboost
2013-03-04,TUMBES,2.715657121131885,2.801098128876793,3.291541896442422,0.085,0.085,3.1,0.576,0.576,21.2,random_forest
2013-03-11,TUMBES,1.3578285605659428,2.483044849106397,2.211101216543728,1.125,1.125,82.9,0.853,0.853,62.8,xgboost
2013-03-18,TUMBES,2.715657121131885,1.6777460732093536,1.3530655567957037,-1.038,1.038,38.2,-1.363,1.363,50.2,random_forest
2013-03-25,TUMBES,2.715657121131885,1.6373749539897178,1.6504104574119283,-1.078,1.078,39.7,-1.065,1.065,39.2,xgboost
2013-04-01,TUMBES,4.526095201886476,1.793703411004421,1.6477388378036166,-2.732,2.732,60.4,-2.878,2.878,63.6,random_forest
2013-04-08,TUMBES,4.073485681697829,2.547905323015522,3.0349605465084366,-1.526,1.526,37.5,-1.039,1.039,25.5,xgboost
2013-04-15,TUMBES,6.336533282641066,3.1543984905696094,3.180215086929274,-3.182,3.182,50.2,-3.156,3.156,49.8,xgboost
2013-04-22,TUMBES,4.526095201886476,3.0119281557145605,3.2676279144739873,-1.514,1.514,33.5,-1.258,1.258,27.8,xgboost
2013-04-29,TUMBES,3.168266641320533,2.8371797664816074,3.1449154527634198,-0.331,0.331,10.4,-0.023,0.023,0.7,xgboost
2013-05-06,TUMBES,0.9052190403772946,2.5371775309284317,2.8728560169571757,1.632,1.632,180.3,1.968,1.968,217.4,random_forest
2013-05-13,TUMBES,2.715657121131885,1.8830497531688222,0.7526871659236356,-0.833,0.833,30.7,-1.963,1.963,72.3,random_forest
2013-05-20,TUMBES,4.073485681697828,2.540015963667188,2.2863028804606325,-1.533,1.533,37.6,-1.787,1.787,43.9,random_forest
2013-05-27,TUMBES,4.073485681697828,3.090231311151678,3.073461353756559,-0.983,0.983,24.1,-1.0,1.0,24.5,random_forest
2013-06-03,TUMBES,3.6208761615091802,2.999874985185909,3.0771598622014755,-0.621,0.621,17.2,-0.544,0.544,15.0,xgboost
2013-06-10,TUMBES,2.715657121131885,2.8059580037433824,2.2534814779414942,0.09,0.09,3.3,-0.462,0.462,17.0,random_forest
2013-06-17,TUMBES,5.431314242263771,2.8059542440932983,2.5638451090084327,-2.625,2.625,48.3,-2.867,2.867,52.8,random_forest
2013-06-24,TUMBES,4.526095201886476,3.645247085605445,3.8491395376870656,-0.881,0.881,19.5,-0.677,0.677,15.0,xgboost
2013-07-01,TUMBES,4.073485681697828,3.46825270949436,3.4110919931730193,-0.605,0.605,14.9,-0.662,0.662,16.3,random_forest
2013-07-08,TUMBES,1.3578285605659424,3.888680827803994,3.4195256297879144,2.531,2.531,186.4,2.062,2.062,151.9,xgboost
2013-07-15,TUMBES,1.8104380807545901,2.8212965047864973,2.04705538672408,1.011,1.011,55.8,0.237,0.237,13.1,xgboost
2013-07-22,TUMBES,1.8104380807545901,2.961811319851863,2.210523250990933,1.151,1.151,63.6,0.4,0.4,22.1,xgboost
2013-07-29,TUMBES,2.263047600943238,2.4261617014120223,1.8310772186895892,0.163,0.163,7.2,-0.432,0.432,19.1,random_forest
2013-08-05,TUMBES,1.3578285605659426,2.3187279150748776,2.4564626128984854,0.961,0.961,70.8,1.099,1.099,80.9,random_forest
2013-08-12,TUMBES,2.7156571211318856,2.0151282789925844,1.7039864165546685,-0.701,0.701,25.8,-1.012,1.012,37.3,random_forest
2013-08-19,TUMBES,2.7156571211318856,2.7102382704541355,3.094348666479223,-0.005,0.005,0.2,0.379,0.379,14.0,random_forest
2013-08-26,TUMBES,2.263047600943238,2.9386501089144255,3.28629157595255,0.676,0.676,29.9,1.023,1.023,45.2,random_forest
2013-09-02,TUMBES,2.263047600943238,2.0231676663332516,2.373891940595581,-0.24,0.24,10.6,0.111,0.111,4.9,xgboost
2013-09-09,TUMBES,2.263047600943238,2.2274508974623055,2.235937455294342,-0.036,0.036,1.6,-0.027,0.027,1.2,xgboost
2013-09-16,TUMBES,3.6208761615091807,1.915845325186424,2.174619698689349,-1.705,1.705,47.1,-1.446,1.446,39.9,xgboost
2013-09-23,TUMBES,3.168266641320533,2.6895273526973016,3.0135904984429063,-0.479,0.479,15.1,-0.155,0.155,4.9,xgboost
2013-09-30,TUMBES,2.263047600943238,2.684740243213375,2.802223666635679,0.422,0.422,18.6,0.539,0.539,23.8,random_forest
2013-10-07,TUMBES,2.263047600943238,2.459580656474507,2.369611638073078,0.197,0.197,8.7,0.107,0.107,4.7,xgboost
2013-10-14,TUMBES,1.3578285605659428,2.31220786860216,2.022692542480724,0.954,0.954,70.3,0.665,0.665,49.0,xgboost
2013-10-21,TUMBES,2.263047600943238,1.9161721089054518,1.5558807259558063,-0.347,0.347,15.3,-0.707,0.707,31.2,random_forest
2013-10-28,TUMBES,0.9052190403772952,1.9558257440155375,1.8677970702716902,1.051,1.051,116.1,0.963,0.963,106.4,xgboost
2013-11-04,TUMBES,0.9052190403772952,1.6464880125833652,1.2021783059397642,0.741,0.741,81.9,0.297,0.297,32.8,xgboost
2013-11-11,TUMBES,0.4526095201886476,1.329204375989507,1.2397176614745025,0.877,0.877,193.8,0.787,0.787,173.9,xgboost
2013-11-18,TUMBES,0.4526095201886476,0.8267264370556744,0.5661821602010879,0.374,0.374,82.6,0.114,0.114,25.2,xgboost
2013-11-25,TUMBES,0.4526095201886476,0.5434699916200902,0.5247320254628878,0.091,0.091,20.1,0.072,0.072,15.9,xgboost
2013-12-02,TUMBES,1.8104380807545903,0.5285026038159939,0.5330889142188988,-1.282,1.282,70.8,-1.277,1.277,70.5,xgboost
2013-12-09,TUMBES,2.263047600943238,1.2218704410757257,1.468164772390427,-1.041,1.041,46.0,-0.795,0.795,35.1,xgboost
2013-12-16,TUMBES,3.6208761615091807,1.3452569908926604,1.436552308092986,-2.276,2.276,62.9,-2.184,2.184,60.3,xgboost
2013-12-23,TUMBES,2.7156571211318856,1.9206070012726677,2.5819348157054915,-0.795,0.795,29.3,-0.134,0.134,4.9,xgboost
2013-12-30,TUMBES,2.263047600943238,1.9975549026905015,2.379156004856456,-0.265,0.265,11.7,0.116,0.116,5.1,xgboost
2014-01-06,TUMBES,1.7965640800421496,1.8944610199416894,1.9046434443057239,0.098,0.098,5.5,0.108,0.108,6.0,random_forest
2014-01-13,TUMBES,0.8913450396648543,1.8460750843008817,1.5570426004793565,0.955,0.955,107.1,0.666,0.666,74.7,xgboost
2014-01-20,TUMBES,0.8913450396648543,1.0130000174233031,0.4255222843311855,0.122,0.122,13.7,-0.466,0.466,52.3,random_forest
2014-01-27,TUMBES,0.44567251983242717,0.8575154415579094,0.4846884634152084,0.412,0.412,92.4,0.039,0.039,8.8,xgboost
2014-02-03,TUMBES,0.8913450396648543,0.606889229356858,0.438485046424219,-0.284,0.284,31.9,-0.453,0.453,50.8,random_forest
2014-02-10,TUMBES,2.674035118994563,0.8533306183422245,0.7920806187686715,-1.821,1.821,68.1,-1.882,1.882,70.4,random_forest
2014-02-17,TUMBES,2.228362599162136,1.6038846790344623,1.810963353608253,-0.624,0.624,28.0,-0.417,0.417,18.7,xgboost
2014-02-24,TUMBES,1.782690079329709,1.7682497561467971,1.873264985977043,-0.014,0.014,0.8,0.091,0.091,5.1,random_forest
2014-03-03,TUMBES,0.8913450396648543,1.654311595663854,1.6307318810708544,0.763,0.763,85.6,0.739,0.739,82.9,xgboost
2014-03-10,TUMBES,2.674035118994563,1.2177160067825534,1.2632806511948207,-1.456,1.456,54.4,-1.411,1.411,52.8,xgboost
2014-03-17,TUMBES,3.11970763882699,1.797726487473374,2.1197433687095453,-1.322,1.322,42.4,-1.0,1.0,32.1,xgboost
2014-03-24,TUMBES,2.674035118994563,2.0386977643317263,1.9652639124607765,-0.635,0.635,23.7,-0.709,0.709,26.5,random_forest
2014-03-31,TUMBES,2.228362599162136,1.8754987942115284,1.9353877771249723,-0.353,0.353,15.8,-0.293,0.293,13.1,xgboost
2014-04-07,TUMBES,2.228362599162136,1.795046889931693,1.6239984184086746,-0.433,0.433,19.4,-0.604,0.604,27.1,random_forest
2014-04-14,TUMBES,3.11970763882699,1.9481929205167163,1.971824809101269,-1.172,1.172,37.6,-1.148,1.148,36.8,xgboost
2014-04-21,TUMBES,3.119707638826991,2.301932167839511,2.245184817889775,-0.818,0.818,26.2,-0.875,0.875,28.0,random_forest
2014-04-28,TUMBES,4.456725198324272,2.1386327319876903,2.1397718495498292,-2.318,2.318,52.0,-2.317,2.317,52.0,xgboost
2014-05-05,TUMBES,4.011052678491845,3.2693953547068215,3.5738834558949693,-0.742,0.742,18.5,-0.437,0.437,10.9,xgboost
2014-05-12,TUMBES,3.565380158659418,3.1031308962063306,2.405654994018755,-0.462,0.462,13.0,-1.16,1.16,32.5,random_forest
2014-05-19,TUMBES,3.119707638826991,2.861201504487659,2.3225762355568778,-0.259,0.259,8.3,-0.797,0.797,25.5,random_forest
2014-05-26,TUMBES,4.456725198324272,2.6872541444920546,2.2323939336606817,-1.769,1.769,39.7,-2.224,2.224,49.9,random_forest
2014-06-02,TUMBES,5.348070237989127,3.3148480933233166,3.235191881580554,-2.033,2.033,38.0,-2.113,2.113,39.5,random_forest
2014-06-09,TUMBES,4.9023977181567,3.6476116239569913,3.0928461303912007,-1.255,1.255,25.6,-1.81,1.81,36.9,random_forest
2014-06-16,TUMBES,4.011052678491844,3.542064685054547,2.5501414329817673,-0.469,0.469,11.7,-1.461,1.461,36.4,random_forest
2014-06-23,TUMBES,3.119707638826991,2.9914725206733768,2.34938408596922,-0.128,0.128,4.1,-0.77,0.77,24.7,random_forest
2014-06-30,TUMBES,2.6740351189945635,2.791688395003697,2.147789628981175,0.118,0.118,4.4,-0.526,0.526,19.7,random_forest
2014-07-07,TUMBES,2.6740351189945635,2.649364741473061,2.467567652413307,-0.025,0.025,0.9,-0.206,0.206,7.7,random_forest
2014-07-14,TUMBES,2.228362599162136,2.5982998152139896,2.359897963239809,0.37,0.37,16.6,0.132,0.132,5.9,xgboost
2014-07-21,TUMBES,1.7826900793297094,2.4845954712726392,2.0854978978861607,0.702,0.702,39.4,0.303,0.303,17.0,xgboost
2014-07-28,TUMBES,0.4456725198324278,2.133345111817395,1.5535206619714264,1.688,1.688,378.8,1.108,1.108,248.6,xgboost
2014-08-04,TUMBES,0.4456725198324278,1.264679448684117,0.7739173121806195,0.819,0.819,183.8,0.328,0.328,73.6,xgboost
2014-08-11,TUMBES,0.4456725198324278,0.9382012136244533,0.7153938280671905,0.493,0.493,110.6,0.27,0.27,60.6,xgboost
2014-08-18,TUMBES,0.4456725198324278,0.9722381073264721,0.7412922982891952,0.527,0.527,118.2,0.296,0.296,66.4,xgboost
2014-08-25,TUMBES,0.0,0.9515112990061005,0.8878072517530398,0.952,0.952,,0.888,0.888,,xgboost
2014-09-01,TUMBES,0.0,0.3380218941922636,0.2512735196902346,0.338,0.338,,0.251,0.251,,xgboost
2014-09-08,TUMBES,0.0,0.3941078246447302,0.34994053109280854,0.394,0.394,,0.35,0.35,,xgboost
2014-09-15,TUMBES,1.337017559497282,0.43769102948699934,0.3633612840651411,-0.899,0.899,67.2,-0.974,0.974,72.8,random_forest
2014-09-22,TUMBES,2.228362599162136,1.2190743832767628,1.347887348145194,-1.009,1.009,45.3,-0.88,0.88,39.5,xgboost
2014-09-29,TUMBES,3.119707638826991,1.7704322863729565,1.7903616397850732,-1.349,1.349,43.2,-1.329,1.329,42.6,xgboost
2014-10-06,TUMBES,1.7826900793297094,1.8010640705865448,2.02594954455622,0.018,0.018,1.0,0.243,0.243,13.6,random_forest
2014-10-13,TUMBES,1.7826900793297094,1.203395250981926,0.9303160193824416,-0.579,0.579,32.5,-0.852,0.852,47.8,random_forest
2014-10-20,TUMBES,0.8913450396648549,1.1287121453058986,0.8807850142693938,0.237,0.237,26.6,-0.011,0.011,1.2,xgboost
2014-10-27,TUMBES,2.228362599162136,1.0150540140674709,0.8650705549229982,-1.213,1.213,54.4,-1.363,1.363,61.2,random_forest
2014-11-03,TUMBES,2.228362599162136,1.7287190306532443,1.8336176378654154,-0.5,0.5,22.4,-0.395,0.395,17.7,xgboost
2014-11-10,TUMBES,3.119707638826991,1.6723963900448409,1.962050690372445,-1.447,1.447,46.4,-1.158,1.158,37.1,xgboost
2014-11-17,TUMBES,2.228362599162137,1.8438603166188297,2.178700812369368,-0.385,0.385,17.3,-0.05,0.05,2.2,xgboost
2014-11-24,TUMBES,1.7826900793297096,2.0619398950455943,2.078714304949314,0.279,0.279,15.7,0.296,0.296,16.6,random_forest
2014-12-01,TUMBES,1.7826900793297096,1.550053331726129,1.311672732938701,-0.233,0.233,13.1,-0.471,0.471,26.4,random_forest
2014-12-08,TUMBES,1.7826900793297096,1.5146353169396947,1.2856939882242857,-0.268,0.268,15.0,-0.497,0.497,27.9,random_forest
2014-12-15,TUMBES,2.2283625991621365,1.659490898428543,1.4304098704886532,-0.569,0.569,25.5,-0.798,0.798,35.8,random_forest
2014-12-22,TUMBES,1.3370175594972824,2.363262803472882,2.427716766887815,1.026,1.026,76.7,1.091,1.091,81.6,random_forest
2014-12-29,TUMBES,1.3370175594972824,1.9444959833104853,1.733829381136363,0.607,0.607,45.4,0.397,0.397,29.7,xgboost
2015-01-05,TUMBES,0.44567251983242806,1.6891230803334532,1.7209451574713404,1.243,1.243,278.9,1.275,1.275,286.1,random_forest
2015-01-12,TUMBES,0.8846174717460086,0.9124551302817459,0.5718730205461091,0.028,0.028,3.2,-0.313,0.313,35.4,random_forest
2015-01-19,TUMBES,0.877889903827162,1.0198785572063644,0.7470929556877515,0.142,0.142,16.2,-0.131,0.131,14.9,xgboost
2015-01-26,TUMBES,1.3168348557407417,0.9728877181146285,0.6750854743528913,-0.344,0.344,26.1,-0.642,0.642,48.8,random_forest
2015-02-02,TUMBES,1.3168348557407417,1.136422171883087,1.0184491253484502,-0.18,0.18,13.7,-0.298,0.298,22.6,random_forest
2015-02-09,TUMBES,0.877889903827162,1.1171300414940126,0.8390565421135565,0.239,0.239,27.2,-0.039,0.039,4.4,xgboost
2015-02-16,TUMBES,0.877889903827162,1.0039664050673118,0.8871463002611042,0.126,0.126,14.4,0.009,0.009,1.0,xgboost
2015-02-23,TUMBES,1.7557798076543232,1.0336936475644536,0.9249898542612447,-0.722,0.722,41.1,-0.831,0.831,47.3,random_forest
2015-03-02,TUMBES,3.511559615308645,1.3412377567015592,1.1978500643062038,-2.17,2.17,61.8,-2.314,2.314,65.9,random_forest
2015-03-09,TUMBES,3.511559615308645,1.9412554914270297,2.253300747091031,-1.57,1.57,44.7,-1.258,1.258,35.8,xgboost
2015-03-16,TUMBES,5.267339422962967,2.4446947958937657,3.029900665418614,-2.823,2.823,53.6,-2.237,2.237,42.5,xgboost
2015-03-23,TUMBES,4.389449519135806,2.952442067446217,3.635806280558061,-1.437,1.437,32.7,-0.754,0.754,17.2,xgboost
2015-03-30,TUMBES,4.8283944710493865,3.30339016064634,2.949548692830057,-1.525,1.525,31.6,-1.879,1.879,38.9,random_forest
2015-04-06,TUMBES,5.250432988287954,3.381045639642343,3.344286701572801,-1.869,1.869,35.6,-1.906,1.906,36.3,random_forest
2015-04-13,TUMBES,7.445157747855856,4.066507248480867,4.1003871528129165,-3.379,3.379,45.4,-3.345,3.345,44.9,xgboost
2015-04-20,TUMBES,7.4451577478558555,3.254919793983497,3.1565146356965315,-4.19,4.19,56.3,-4.289,4.289,57.6,random_forest
2015-04-27,TUMBES,3.950504567222225,3.236060707596746,3.227634102744436,-0.714,0.714,18.1,-0.723,0.723,18.3,random_forest
2015-05-04,TUMBES,2.633669711481484,2.8452249039601294,2.5972287773388043,0.212,0.212,8.0,-0.036,0.036,1.4,xgboost
2015-05-11,TUMBES,3.072614663395065,2.818456325212604,2.211760453914081,-0.254,0.254,8.3,-0.861,0.861,28.0,random_forest
2015-05-18,TUMBES,3.072614663395065,2.884329219489612,2.538425621676682,-0.188,0.188,6.1,-0.534,0.534,17.4,random_forest
2015-05-25,TUMBES,1.7557798076543227,3.2114854175559344,2.9202325468833785,1.456,1.456,82.9,1.164,1.164,66.3,xgboost
2015-06-01,TUMBES,1.316834855740742,2.441459105539218,1.9787393171716268,1.125,1.125,85.4,0.662,0.662,50.3,xgboost
2015-06-08,TUMBES,1.316834855740742,1.6144757985686162,1.1991914106637176,0.298,0.298,22.6,-0.118,0.118,9.0,xgboost
2015-06-15,TUMBES,1.7557798076543225,1.6003618370366164,1.2564630083843569,-0.155,0.155,8.8,-0.499,0.499,28.4,random_forest
2015-06-22,TUMBES,0.8778899038271617,1.8457620123593865,1.5863790596133436,0.968,0.968,110.3,0.708,0.708,80.6,xgboost
2015-06-29,TUMBES,1.7557798076543227,1.2149231017145699,1.0522696718415383,-0.541,0.541,30.8,-0.704,0.704,40.1,random_forest
2015-07-06,TUMBES,2.194724759567903,1.0911249986223712,1.1154854789451596,-1.104,1.104,50.3,-1.079,1.079,49.2,xgboost
2015-07-13,TUMBES,3.511559615308645,1.5260343626891424,1.6051213002330562,-1.986,1.986,56.6,-1.906,1.906,54.3,xgboost
2015-07-20,TUMBES,3.0726146633950644,2.2038180867546,2.576308391527942,-0.869,0.869,28.3,-0.496,0.496,16.1,xgboost
2015-07-27,TUMBES,2.6336697114814838,2.399933777126051,2.5263150460851933,-0.234,0.234,8.9,-0.107,0.107,4.1,xgboost
2015-08-03,TUMBES,1.7557798076543227,2.540611410371915,2.547612385818453,0.785,0.785,44.7,0.792,0.792,45.1,random_forest
2015-08-10,TUMBES,1.3168348557407423,1.6726148144657875,1.5689049452905786,0.356,0.356,27.0,0.252,0.252,19.1,xgboost
2015-08-17,TUMBES,0.438944951913581,1.476001072316691,1.4236950244978166,1.037,1.037,236.2,0.985,0.985,224.4,xgboost
2015-08-24,TUMBES,0.8778899038271616,0.8406043250092476,0.47444341159522374,-0.037,0.037,4.2,-0.403,0.403,45.9,random_forest
2015-08-31,TUMBES,1.316834855740742,0.8730204030466724,1.0973728181618658,-0.444,0.444,33.7,-0.219,0.219,16.6,xgboost
2015-09-07,TUMBES,2.194724759567903,0.9022473119768906,1.0458669248619454,-1.292,1.292,58.9,-1.149,1.149,52.4,xgboost
2015-09-14,TUMBES,1.7557798076543227,1.6884109162704983,1.9974573306097079,-0.067,0.067,3.8,0.242,0.242,13.8,random_forest
2015-09-21,TUMBES,1.7557798076543227,1.5889004262849982,1.496650449120891,-0.167,0.167,9.5,-0.259,0.259,14.8,random_forest
2015-09-28,TUMBES,0.8778899038271616,1.645776462267749,1.5931900226149045,0.768,0.768,87.5,0.715,0.715,81.4,xgboost
2015-10-05,TUMBES,1.316834855740742,1.4793355903992222,1.2942827229926923,0.163,0.163,12.4,-0.023,0.023,1.7,xgboost
2015-10-12,TUMBES,1.7557798076543227,1.438514810307065,1.3582086599782341,-0.317,0.317,18.1,-0.398,0.398,22.7,random_forest
2015-10-19,TUMBES,2.194724759567903,1.6424637306605994,1.5526934275974975,-0.552,0.552,25.2,-0.642,0.642,29.3,random_forest
2015-10-26,TUMBES,2.194724759567903,1.7882717291766155,1.8932627479197497,-0.406,0.406,18.5,-0.301,0.301,13.7,xgboost
2015-11-02,TUMBES,2.194724759567903,1.7481085480329162,1.8409010284981933,-0.447,0.447,20.4,-0.354,0.354,16.1,xgboost
2015-11-09,TUMBES,2.6336697114814833,1.803363702044078,1.7962481976118054,-0.83,0.83,31.5,-0.837,0.837,31.8,random_forest
2015-11-16,TUMBES,2.194724759567903,1.944319467815831,1.9653172894788389,-0.25,0.25,11.4,-0.229,0.229,10.4,xgboost
2015-11-23,TUMBES,1.316834855740742,2.059574433811764,2.006580107868801,0.743,0.743,56.4,0.69,0.69,52.4,xgboost
2015-11-30,TUMBES,0.8778899038271616,1.5580098975321728,1.255928585864205,0.68,0.68,77.5,0.378,0.378,43.1,xgboost
2015-12-07,TUMBES,0.438944951913581,1.277602600961794,1.2815385608870677,0.839,0.839,191.1,0.843,0.843,192.1,random_forest
2015-12-14,TUMBES,1.316834855740742,0.9683252011827337,0.7111335496631024,-0.349,0.349,26.5,-0.606,0.606,46.0,random_forest
2015-12-21,TUMBES,0.8778899038271617,1.1363676762115023,1.1759523186292014,0.258,0.258,29.4,0.298,0.298,33.9,random_forest
2015-12-28,TUMBES,0.8778899038271616,1.1415088131583255,1.1565401521058938,0.264,0.264,30.1,0.279,0.279,31.8,random_forest
2016-01-04,TUMBES,0.43241747312525464,1.1712913941220684,1.219997553771568,0.739,0.739,170.9,0.788,0.788,182.2,random_forest
2016-01-11,TUMBES,1.7296698925010168,1.1263943921134834,0.6650819540489299,-0.603,0.603,34.9,-1.065,1.065,61.6,random_forest
2016-01-18,TUMBES,1.7296698925010165,1.5297653300321552,1.4145960678274405,-0.2,0.2,11.6,-0.315,0.315,18.2,random_forest
2016-01-25,TUMBES,2.1620873656262707,1.6505074179425288,1.4325901776332342,-0.512,0.512,23.7,-0.729,0.729,33.7,random_forest
2016-02-01,TUMBES,1.2972524193757626,2.101245599343208,2.002801951015761,0.804,0.804,62.0,0.706,0.706,54.4,xgboost
2016-02-08,TUMBES,3.026922311876779,1.4800517113566563,1.2538371643849584,-1.547,1.547,51.1,-1.773,1.773,58.6,random_forest
2016-02-15,TUMBES,2.594504838751525,2.1661237145758543,2.0977717554082607,-0.428,0.428,16.5,-0.497,0.497,19.2,random_forest
2016-02-22,TUMBES,2.5945048387515244,2.235845856264409,2.145464339756975,-0.359,0.359,13.8,-0.449,0.449,17.3,random_forest
2016-02-29,TUMBES,0.8648349462505084,2.3698089332552885,2.3403912701928355,1.505,1.505,174.0,1.476,1.476,170.7,xgboost
2016-03-07,TUMBES,0.43241747312525436,1.4840900972184063,0.9930476704931153,1.052,1.052,243.3,0.561,0.561,129.7,xgboost
2016-03-14,TUMBES,0.43241747312525436,1.1007666640587659,0.784813616858342,0.668,0.668,154.5,0.352,0.352,81.4,xgboost
2016-03-21,TUMBES,0.8648349462505084,1.020508480992449,0.7056477735349269,0.156,0.156,18.0,-0.159,0.159,18.4,random_forest
2016-03-28,TUMBES,2.1620873656262707,1.1351768910959774,0.6699579200485175,-1.027,1.027,47.5,-1.492,1.492,69.0,random_forest
2016-04-04,TUMBES,2.1620873656262707,1.785874935353517,1.925102283235495,-0.376,0.376,17.4,-0.237,0.237,11.0,xgboost
2016-04-11,TUMBES,1.7296698925010165,1.9264509181752638,1.906514199343336,0.197,0.197,11.4,0.177,0.177,10.2,xgboost
2016-04-18,TUMBES,0.43241747312525436,1.6695160672167906,1.6278471755575596,1.237,1.237,286.1,1.195,1.195,276.4,xgboost
2016-04-25,TUMBES,0.8648349462505084,1.1204971580891594,0.8381467326146548,0.256,0.256,29.6,-0.027,0.027,3.1,xgboost
2016-05-02,TUMBES,1.2972524193757626,1.1581479674831767,1.110630560723965,-0.139,0.139,10.7,-0.187,0.187,14.4,random_forest
2016-05-09,TUMBES,1.7296698925010165,1.3178767632271713,1.3040603310824141,-0.412,0.412,23.8,-0.426,0.426,24.6,random_forest
2016-05-16,TUMBES,1.7296698925010165,1.4402142180371929,1.4030748343017065,-0.289,0.289,16.7,-0.327,0.327,18.9,random_forest
2016-05-23,TUMBES,3.459339785002033,1.3863739494455452,1.3023815014519218,-2.073,2.073,59.9,-2.157,2.157,62.4,random_forest
2016-05-30,TUMBES,3.459339785002033,2.2225087164808772,2.529951855344487,-1.237,1.237,35.8,-0.929,0.929,26.9,xgboost
2016-06-06,TUMBES,3.026922311876779,2.697092092348904,3.00036195101539,-0.33,0.33,10.9,-0.027,0.027,0.9,xgboost
2016-06-13,TUMBES,2.1620873656262707,2.589012110637055,2.7007838026614372,0.427,0.427,19.7,0.539,0.539,24.9,random_forest
2016-06-20,TUMBES,3.026922311876779,1.99706188996223,2.089524105579007,-1.03,1.03,34.0,-0.937,0.937,31.0,xgboost
2016-06-27,TUMBES,3.8917572581272863,2.4842751814176753,2.547981604021732,-1.407,1.407,36.2,-1.344,1.344,34.5,xgboost
2016-07-04,TUMBES,3.4593397850020327,2.926760271647393,3.078864258219858,-0.533,0.533,15.4,-0.38,0.38,11.0,xgboost
2016-07-11,TUMBES,3.026922311876779,2.6527298250206814,2.794963030876963,-0.374,0.374,12.4,-0.232,0.232,7.7,xgboost
2016-07-18,TUMBES,2.5945048387515244,2.612544051730325,2.656054109864328,0.018,0.018,0.7,0.062,0.062,2.4,random_forest
2016-07-25,TUMBES,2.1620873656262707,2.3729070312970046,2.207969965543124,0.211,0.211,9.8,0.046,0.046,2.1,xgboost
2016-08-01,TUMBES,2.1620873656262707,2.1638578044377614,1.9847475120812526,0.002,0.002,0.1,-0.177,0.177,8.2,random_forest
2016-08-08,TUMBES,1.7296698925010165,2.08115720828247,2.049549304407527,0.351,0.351,20.3,0.32,0.32,18.5,xgboost
2016-08-15,TUMBES,2.5945048387515244,1.5970188177701363,1.5460747216235102,-0.997,0.997,38.4,-1.048,1.048,40.4,random_forest
2016-08-22,TUMBES,2.5945048387515244,2.0073099354531134,2.147437292927714,-0.587,0.587,22.6,-0.447,0.447,17.2,xgboost
2016-08-29,TUMBES,2.1620873656262702,2.1237636400817483,1.9594812086706295,-0.038,0.038,1.8,-0.203,0.203,9.4,random_forest
2016-09-05,TUMBES,1.7296698925010163,1.9281184778867222,1.6892995255717818,0.198,0.198,11.4,-0.04,0.04,2.3,xgboost
2016-09-12,TUMBES,0.8648349462505082,1.7585641232211846,1.4071711019470001,0.894,0.894,103.4,0.542,0.542,62.7,xgboost
2016-09-19,TUMBES,0.8648349462505082,1.2484001379847576,1.0619217068140911,0.384,0.384,44.4,0.197,0.197,22.8,xgboost
2016-09-26,TUMBES,1.7296698925010163,1.1111400561186975,1.0407090224411468,-0.619,0.619,35.8,-0.689,0.689,39.8,random_forest
2016-10-03,TUMBES,1.7296698925010163,1.4657019868864931,1.4951129510905337,-0.264,0.264,15.3,-0.235,0.235,13.6,xgboost
2016-10-10,TUMBES,2.5945048387515244,1.5512423248294427,1.4867721132053195,-1.043,1.043,40.2,-1.108,1.108,42.7,random_forest
2016-10-17,TUMBES,1.7296698925010163,1.7525017946349428,1.7892488582318742,0.023,0.023,1.3,0.06,0.06,3.5,random_forest
2016-10-24,TUMBES,1.7296698925010163,1.6066209500201079,1.5180777909923635,-0.123,0.123,7.1,-0.212,0.212,12.3,random_forest
2016-10-31,TUMBES,1.7296698925010163,1.6719741498783147,1.6084396698183712,-0.058,0.058,3.4,-0.121,0.121,7.0,random_forest
2016-11-07,TUMBES,1.2972524193757622,1.5926162186636605,1.5783582341078088,0.295,0.295,22.7,0.281,0.281,21.7,xgboost
2016-11-14,TUMBES,1.2972524193757622,1.5852719022259492,1.4649699057718166,0.288,0.288,22.2,0.168,0.168,13.0,xgboost
2016-11-21,TUMBES,0.8648349462505082,1.367472007646961,1.4575511629370874,0.503,0.503,58.2,0.593,0.593,68.6,random_forest
2016-11-28,TUMBES,0.4324174731252541,1.245167508220768,1.222069494262974,0.813,0.813,188.0,0.79,0.79,182.7,xgboost
2016-12-05,TUMBES,0.4324174731252541,1.1743164163278679,1.1885748318904281,0.742,0.742,171.6,0.756,0.756,174.8,random_forest
2016-12-12,TUMBES,0.0,1.1421900427176062,0.885211802898993,1.142,1.142,,0.885,0.885,,xgboost
2016-12-19,TUMBES,0.4324174731252541,0.6991558129457476,0.3951513375900412,0.267,0.267,61.7,-0.037,0.037,8.6,xgboost
2016-12-26,TUMBES,0.4324174731252541,0.7152930544958687,0.5869775125345851,0.283,0.283,65.4,0.155,0.155,35.8,xgboost
2017-01-02,TUMBES,0.8584969454684354,0.6795774340450607,0.5565262464665472,-0.179,0.179,20.9,-0.302,0.302,35.2,random_forest
2017-01-09,TUMBES,0.8521589446863628,0.9629939334943014,0.43367637811632354,0.111,0.111,13.0,-0.418,0.418,49.1,random_forest
2017-01-16,TUMBES,0.8521589446863628,0.997663184144717,0.7516640932052794,0.146,0.146,17.1,-0.1,0.1,11.7,xgboost
2017-01-23,TUMBES,0.4260794723431814,1.0537840138503092,0.7159676231748968,0.628,0.628,147.4,0.29,0.29,68.1,xgboost
2017-01-30,TUMBES,0.0,0.9509379182806497,0.7383214850313957,0.951,0.951,,0.738,0.738,,xgboost
2017-02-06,TUMBES,1.7043178893727255,0.8288055465979931,0.7168096934422861,-0.876,0.876,51.4,-0.988,0.988,58.0,random_forest
2017-02-13,TUMBES,3.408635778745451,1.600594369192501,1.506913469032042,-1.808,1.808,53.0,-1.902,1.902,55.8,random_forest
2017-02-20,TUMBES,3.408635778745451,2.3470894619608678,2.657296452390164,-1.062,1.062,31.2,-0.751,0.751,22.0,xgboost
2017-02-27,TUMBES,1.7043178893727255,2.6616424151358378,2.9682581706765827,0.957,0.957,56.2,1.264,1.264,74.2,random_forest
2017-03-06,TUMBES,3.4946531806336303,1.854851746768809,1.9478346974104412,-1.64,1.64,46.9,-1.547,1.547,44.3,xgboost
2017-03-13,TUMBES,6.05113001469272,2.489794221273929,2.591332152217915,-3.561,3.561,58.8,-3.46,3.46,57.2,xgboost
2017-03-20,TUMBES,9.545783195326349,3.7756375592097697,4.385955525141995,-5.77,5.77,60.4,-5.16,5.16,54.1,xgboost
2017-03-27,TUMBES,7.329368431722263,4.468376253999309,4.312370849467747,-2.861,2.861,39.0,-3.017,3.017,41.2,random_forest
2017-04-03,TUMBES,7.329368431722263,4.363678404954704,4.264027512135251,-2.966,2.966,40.5,-3.065,3.065,41.8,random_forest
2017-04-10,TUMBES,5.539033140461359,5.397522040200425,4.5518025177785395,-0.142,0.142,2.6,-0.987,0.987,17.8,random_forest
2017-04-17,TUMBES,4.686874195774995,5.031935299872237,4.783786239666645,0.345,0.345,7.4,0.097,0.097,2.1,xgboost
2017-04-24,TUMBES,2.130397361715907,4.619930156725246,4.254436444284102,2.49,2.49,116.9,2.124,2.124,99.7,xgboost
2017-05-01,TUMBES,0.4260794723431814,2.621301249826045,2.3155034132901773,2.195,2.195,515.2,1.889,1.889,443.3,xgboost
2017-05-08,TUMBES,0.4260794723431814,1.7174149927013467,1.0547102785122173,1.291,1.291,303.0,0.629,0.629,147.6,xgboost
2017-05-15,TUMBES,0.4260794723431814,1.3340762405413074,0.8782500456416582,0.908,0.908,213.1,0.452,0.452,106.1,xgboost
2017-05-22,TUMBES,0.4260794723431814,1.1175043230049861,0.8059143274327776,0.691,0.691,162.2,0.38,0.38,89.2,xgboost
2017-05-29,TUMBES,0.8521589446863628,0.8975808936398801,0.6451055599101518,0.045,0.045,5.3,-0.207,0.207,24.3,random_forest
2017-06-05,TUMBES,2.1303973617159073,0.7080244777904285,0.6742880195088681,-1.422,1.422,66.7,-1.456,1.456,68.3,random_forest
2017-06-12,TUMBES,2.98255630640227,1.3900752777226222,1.5578764279402897,-1.592,1.592,53.4,-1.425,1.425,47.8,xgboost
2017-06-19,TUMBES,2.5564768340590884,2.23210674829328,2.5522153435077506,-0.324,0.324,12.7,-0.004,0.004,0.2,xgboost
2017-06-26,TUMBES,1.2782384170295442,2.2081529482129323,2.2020746512936644,0.93,0.93,72.8,0.924,0.924,72.3,xgboost
2017-07-03,TUMBES,0.4260794723431814,1.5442828922489364,1.6728445237537803,1.118,1.118,262.4,1.247,1.247,292.7,random_forest
2017-07-10,TUMBES,1.2782384170295444,1.1685358197844011,0.8601113359214849,-0.11,0.11,8.6,-0.418,0.418,32.7,random_forest
2017-07-17,TUMBES,1.2782384170295444,1.4330217032637513,1.4940119201128224,0.155,0.155,12.1,0.216,0.216,16.9,random_forest
2017-07-24,TUMBES,1.7043178893727255,1.4639729109816253,1.360114582562502,-0.24,0.24,14.1,-0.344,0.344,20.2,random_forest
2017-07-31,TUMBES,0.4260794723431814,1.7376657132535507,1.5838913402812294,1.312,1.312,307.9,1.158,1.158,271.8,xgboost
2017-08-07,TUMBES,2.98255630640227,1.079404543217883,0.899592654947226,-1.903,1.903,63.8,-2.083,2.083,69.8,random_forest
2017-08-14,TUMBES,3.408635778745451,1.9683918662040298,2.2165180918993825,-1.44,1.44,42.2,-1.192,1.192,35.0,xgboost
2017-08-21,TUMBES,3.408635778745451,2.3199436555104467,2.523205263364036,-1.089,1.089,31.9,-0.885,0.885,26.0,xgboost
2017-08-28,TUMBES,0.8521589446863628,2.6398844213605064,2.6407643694088594,1.788,1.788,209.8,1.789,1.789,209.9,random_forest
2017-09-04,TUMBES,0.0,1.614260999056878,1.2020060994802133,1.614,1.614,,1.202,1.202,,xgboost
2017-09-11,TUMBES,0.0,1.2796562932305755,0.8658558918079757,1.28,1.28,,0.866,0.866,,xgboost
2017-09-18,TUMBES,0.4260794723431814,1.0613016990190118,0.7627585290777255,0.635,0.635,149.0,0.337,0.337,79.1,xgboost
2017-09-25,TUMBES,0.4260794723431814,0.8648008773142102,1.0138877206321308,0.439,0.439,103.0,0.588,0.588,138.0,random_forest
2017-10-02,TUMBES,1.2782384170295442,0.6180926376129632,0.47889866903204703,-0.66,0.66,51.6,-0.799,0.799,62.5,random_forest
2017-10-09,TUMBES,1.2782384170295442,1.0601809218854865,1.066017975303446,-0.218,0.218,17.1,-0.212,0.212,16.6,xgboost
2017-10-16,TUMBES,4.7728915976631745,1.1594070170882396,1.0964849126573233,-3.613,3.613,75.7,-3.676,3.676,77.0,random_forest
2017-10-23,TUMBES,7.415385833610441,2.6004155727997516,3.022403294948062,-4.815,4.815,64.9,-4.393,4.393,59.2,xgboost
2017-10-30,TUMBES,7.841465305953623,3.318638707713956,3.4480841842555767,-4.523,4.523,57.7,-4.393,4.393,56.0,xgboost
2017-11-06,TUMBES,5.625050542349537,3.3294564667377164,3.434707497551778,-2.296,2.296,40.8,-2.19,2.19,38.9,xgboost
2017-11-13,TUMBES,2.130397361715907,3.588896313334902,3.435286416206802,1.458,1.458,68.4,1.305,1.305,61.3,xgboost
2017-11-20,TUMBES,1.2782384170295438,2.7664144530959796,1.757879900591921,1.488,1.488,116.4,0.48,0.48,37.6,xgboost
2017-11-27,TUMBES,1.2782384170295438,2.3693236911701945,1.7882495291433624,1.091,1.091,85.4,0.51,0.51,39.9,xgboost
2017-12-04,TUMBES,1.2782384170295438,1.8695575513143847,1.4701706048585566,0.591,0.591,46.2,0.192,0.192,15.0,xgboost
2017-12-11,TUMBES,4.7728915976631745,1.5587910014104067,1.4756561339366643,-3.214,3.214,67.3,-3.297,3.297,69.1,random_forest
2017-12-18,TUMBES,5.625050542349537,2.9938881659323866,4.416774731271642,-2.631,2.631,46.8,-1.208,1.208,21.5,xgboost
2017-12-25,TUMBES,7.755447904065444,3.790913159741752,4.249569865990791,-3.965,3.965,51.1,-3.506,3.506,45.2,xgboost
2018-01-01,TUMBES,4.678036836512772,4.092725518033145,4.612998226883022,-0.585,0.585,12.5,-0.065,0.065,1.4,xgboost
2018-01-08,TUMBES,4.633850040201652,3.4222162127672924,2.941139814597868,-1.212,1.212,26.2,-1.693,1.693,36.5,random_forest
2018-01-15,TUMBES,4.589663243890532,3.8533893417879463,3.3378004490205377,-0.736,0.736,16.0,-1.252,1.252,27.3,random_forest
2018-01-22,TUMBES,4.172421130809575,3.4196456759735057,3.1434822804430302,-0.753,0.753,18.0,-1.029,1.029,24.7,random_forest
2018-01-29,TUMBES,3.3379369046476595,2.9178163700314808,2.7034317563779697,-0.42,0.42,12.6,-0.635,0.635,19.0,random_forest
2018-02-05,TUMBES,2.5034526784857443,2.650318050374041,2.300297192324058,0.147,0.147,5.9,-0.203,0.203,8.1,random_forest
2018-02-12,TUMBES,2.9206947915667016,2.289448222222853,2.408995864090255,-0.631,0.631,21.6,-0.512,0.512,17.5,xgboost
2018-02-19,TUMBES,2.086210565404787,2.473516539961264,2.7148754342865264,0.387,0.387,18.6,0.629,0.629,30.2,random_forest
2018-02-26,TUMBES,0.8344842261619143,2.5009610148451364,1.9643916348561241,1.666,1.666,199.6,1.13,1.13,135.4,xgboost
2018-03-05,TUMBES,1.2517263392428717,1.364737800449141,0.9385601791517044,0.113,0.113,9.0,-0.313,0.313,25.0,random_forest
2018-03-12,TUMBES,2.5034526784857443,1.5691970991396955,1.3128475228982746,-0.934,0.934,37.3,-1.191,1.191,47.6,random_forest
2018-03-19,TUMBES,2.9206947915667016,2.154306938480637,2.213396498291563,-0.766,0.766,26.2,-0.707,0.707,24.2,xgboost
2018-03-26,TUMBES,2.086210565404787,2.536075474125186,2.7009642446937008,0.45,0.45,21.6,0.615,0.615,29.5,random_forest
2018-04-02,TUMBES,0.41724211308095716,2.033348343955612,1.7364922850125803,1.616,1.616,387.3,1.319,1.319,316.1,xgboost
2018-04-09,TUMBES,0.8344842261619146,0.9743667841832944,0.9239627613007171,0.14,0.14,16.8,0.089,0.089,10.7,xgboost
2018-04-16,TUMBES,1.6689684523238295,0.9609945999843561,1.0288552714813664,-0.708,0.708,42.4,-0.64,0.64,38.3,xgboost
2018-04-23,TUMBES,1.6689684523238295,1.4467496114936922,1.6082408247194802,-0.222,0.222,13.3,-0.061,0.061,3.7,xgboost
2018-04-30,TUMBES,1.251726339242872,1.7867191844881778,1.8738839860633698,0.535,0.535,42.7,0.622,0.622,49.7,random_forest
2018-05-07,TUMBES,0.41724211308095716,1.488938003727649,1.6486975950414595,1.072,1.072,256.9,1.231,1.231,295.0,random_forest
2018-05-14,TUMBES,0.41724211308095716,1.1453441860797282,0.9597674402980552,0.728,0.728,174.5,0.543,0.543,130.1,xgboost
2018-05-21,TUMBES,0.0,1.118060837646988,1.0600593826637499,1.118,1.118,,1.06,1.06,,xgboost
2018-05-28,TUMBES,0.8344842261619146,0.9462271036817829,0.9030592398259856,0.112,0.112,13.4,0.069,0.069,8.3,xgboost
2018-06-04,TUMBES,1.251726339242872,0.9897826991814984,0.9817763281636356,-0.262,0.262,20.9,-0.27,0.27,21.6,random_forest
2018-06-11,TUMBES,1.6689684523238295,1.3385612596368541,1.6349842277767808,-0.33,0.33,19.8,-0.034,0.034,2.0,xgboost
2018-06-18,TUMBES,2.086210565404787,1.5967952151434948,2.069815787165875,-0.489,0.489,23.4,-0.016,0.016,0.8,xgboost
2018-06-25,TUMBES,4.172421130809575,2.0296787190781895,2.1517070035858676,-2.143,2.143,51.4,-2.021,2.021,48.4,xgboost
2018-07-02,TUMBES,4.589663243890532,3.1322192229764774,3.0971155752495703,-1.457,1.457,31.7,-1.493,1.493,32.5,random_forest
2018-07-09,TUMBES,3.755179017728617,3.638773581069681,4.112480263449843,-0.116,0.116,3.1,0.357,0.357,9.5,random_forest
2018-07-16,TUMBES,4.746379519876503,3.2500335456024407,2.8311359217310645,-1.496,1.496,31.5,-1.915,1.915,40.3,random_forest
2018-07-23,TUMBES,3.9118952937145877,3.317309186196865,3.741326608588544,-0.595,0.595,15.2,-0.171,0.171,4.4,xgboost
2018-07-30,TUMBES,3.4946531806336303,3.5836038618874344,3.483450333893126,0.089,0.089,2.5,-0.011,0.011,0.3,xgboost
2018-08-06,TUMBES,0.0,3.4223849495860623,3.550836229280989,3.422,3.422,,3.551,3.551,,random_forest
2018-08-13,TUMBES,0.41724211308095743,1.705729837743125,0.9848329913452036,1.288,1.288,308.7,0.568,0.568,136.1,xgboost
2018-08-20,TUMBES,0.41724211308095743,0.9709805089213601,0.7774051910833284,0.554,0.554,132.8,0.36,0.36,86.3,xgboost
2018-08-27,TUMBES,1.2517263392428724,0.6649797645929636,0.4882672326362622,-0.587,0.587,46.9,-0.763,0.763,61.0,random_forest
2018-09-03,TUMBES,3.3379369046476604,1.2027372147309459,1.3702514386445759,-2.135,2.135,64.0,-1.968,1.968,59.0,xgboost
2018-09-10,TUMBES,3.3379369046476604,2.579496372168002,2.2454138448276613,-0.758,0.758,22.7,-1.093,1.093,32.7,random_forest
2018-09-17,TUMBES,2.503452678485745,2.3848764083203933,2.1098571650051277,-0.119,0.119,4.8,-0.394,0.394,15.7,random_forest
2018-09-24,TUMBES,0.0,2.031840144297927,2.095719590309423,2.032,2.032,,2.096,2.096,,random_forest
2018-10-01,TUMBES,0.0,0.9384317662739936,0.822053029333504,0.938,0.938,,0.822,0.822,,xgboost
2018-10-08,TUMBES,0.41724211308095777,0.789123037459807,0.7606652305118793,0.372,0.372,89.2,0.343,0.343,82.2,xgboost
2018-10-15,TUMBES,0.41724211308095777,0.9024715883397809,0.7774577388961819,0.485,0.485,116.2,0.36,0.36,86.3,xgboost
2018-10-22,TUMBES,0.41724211308095777,0.7572831977219558,0.7549012016658885,0.34,0.34,81.5,0.338,0.338,81.0,xgboost
2018-10-29,TUMBES,0.0,0.97859876416888,1.0307218252360117,0.979,0.979,,1.031,1.031,,random_forest
2018-11-05,TUMBES,0.41724211308095777,1.0465025050586867,1.0994189058552473,0.629,0.629,150.8,0.682,0.682,163.5,random_forest
2018-11-12,TUMBES,0.41724211308095777,0.9228814368042375,1.1130474943046798,0.506,0.506,121.3,0.696,0.696,166.8,random_forest
2018-11-19,TUMBES,0.8344842261619152,0.5934698631720117,0.6885644890005922,-0.241,0.241,28.9,-0.146,0.146,17.5,xgboost
2018-11-26,TUMBES,0.41724211308095777,0.8198925367151813,0.9059977854880392,0.403,0.403,96.6,0.489,0.489,117.2,random_forest
2018-12-03,TUMBES,0.41724211308095777,0.760446631467177,0.7312355375588846,0.343,0.343,82.2,0.314,0.314,75.3,xgboost
2018-12-10,TUMBES,0.0,0.6802034545270814,0.7726098682270395,0.68,0.68,,0.773,0.773,,random_forest
2018-12-17,TUMBES,0.0,0.5488285850743255,0.5482680949256047,0.549,0.549,,0.548,0.548,,xgboost
2018-12-24,TUMBES,0.0,0.5612583911565188,0.6571356406903277,0.561,0.561,,0.657,0.657,,random_forest
2018-12-31,TUMBES,0.0,0.6529194235859679,0.8629680191239919,0.653,0.653,,0.863,0.863,,random_forest
2019-01-07,TUMBES,0.0,0.64284294980095,0.865904159168366,0.643,0.643,,0.866,0.866,,random_forest
2019-01-14,TUMBES,0.0,0.2263389957006366,0.32661370517360655,0.226,0.226,,0.327,0.327,,random_forest
2019-01-21,TUMBES,0.0,0.2046402540143345,0.29585843984193594,0.205,0.205,,0.296,0.296,,random_forest
2019-01-28,TUMBES,0.0,0.26708294107383457,0.32924859701446574,0.267,0.267,,0.329,0.329,,random_forest
2019-02-04,TUMBES,0.4087622271001184,0.3020886202357959,0.5206653483984911,-0.107,0.107,26.2,0.112,0.112,27.4,random_forest
2019-02-11,TUMBES,0.4087622271001184,0.28339628696235347,0.4535344834084824,-0.125,0.125,30.6,0.045,0.045,11.0,xgboost
2019-02-18,TUMBES,0.4087622271001184,0.257184210376504,0.4398769858817665,-0.152,0.152,37.2,0.031,0.031,7.6,xgboost
2019-02-25,TUMBES,0.4087622271001184,0.24577320210777143,0.438395236169197,-0.163,0.163,39.9,0.03,0.03,7.3,xgboost
2019-03-04,TUMBES,0.4087622271001184,0.17986278628768462,0.4564386075654876,-0.229,0.229,56.0,0.048,0.048,11.7,xgboost
2019-03-11,TUMBES,1.2262866813003546,0.3551178532166942,0.41251598111112775,-0.871,0.871,71.0,-0.814,0.814,66.4,xgboost
2019-03-18,TUMBES,0.8175244542002366,0.9882697040486836,1.7190175088854316,0.171,0.171,20.9,0.901,0.901,110.2,random_forest
2019-03-25,TUMBES,0.8175244542002366,1.0176357479006426,0.9369998804103654,0.2,0.2,24.5,0.119,0.119,14.6,xgboost
2019-04-01,TUMBES,0.4087622271001184,0.732724825906123,0.7532697779535191,0.324,0.324,79.3,0.345,0.345,84.4,random_forest
2019-04-08,TUMBES,0.4087622271001184,0.6305386375981932,0.5735888752155955,0.222,0.222,54.3,0.165,0.165,40.4,xgboost
2019-04-15,TUMBES,0.4087622271001184,0.627705076766192,0.5597149788858133,0.219,0.219,53.6,0.151,0.151,36.9,xgboost
2019-04-22,TUMBES,0.0,0.6710434467592028,0.528383085285199,0.671,0.671,,0.528,0.528,,xgboost
2019-04-29,TUMBES,0.0,0.5749744120063538,0.4822472327262509,0.575,0.575,,0.482,0.482,,xgboost
2019-05-06,TUMBES,0.0,0.3087011430496995,0.2889149620893517,0.309,0.309,,0.289,0.289,,xgboost
2019-05-13,TUMBES,0.4087622271001184,0.2692243407999665,0.294558770395136,-0.14,0.14,34.2,-0.114,0.114,27.9,xgboost
2019-05-20,TUMBES,0.4087622271001184,0.2635504008610179,0.3602210161762633,-0.145,0.145,35.5,-0.049,0.049,12.0,xgboost
2019-05-27,TUMBES,0.4087622271001184,0.30631620593483605,0.4081591425157684,-0.102,0.102,25.0,-0.001,0.001,0.2,xgboost
2019-06-03,TUMBES,0.0,0.3846656734607484,0.5263808635248839,0.385,0.385,,0.526,0.526,,random_forest
2019-06-10,TUMBES,0.0,0.33278352197344535,0.4900678441920608,0.333,0.333,,0.49,0.49,,random_forest
2019-06-17,TUMBES,0.0,0.3808694762860079,0.5280808040430767,0.381,0.381,,0.528,0.528,,random_forest
2019-06-24,TUMBES,0.0,0.27739742520939575,0.4820729749232027,0.277,0.277,,0.482,0.482,,random_forest
2019-07-01,TUMBES,0.0,0.11907999808221359,0.2682663273174111,0.119,0.119,,0.268,0.268,,random_forest
2019-07-08,TUMBES,0.0,0.11612038939929455,0.27463572646281653,0.116,0.116,,0.275,0.275,,random_forest
2019-07-15,TUMBES,0.0,0.10034748971722686,0.26192130983876555,0.1,0.1,,0.262,0.262,,random_forest
2019-07-22,TUMBES,0.8175244542002366,0.10338008759037041,0.26328967286750077,-0.714,0.714,87.3,-0.554,0.554,67.8,xgboost
2019-07-29,TUMBES,0.8175244542002366,0.47522140466418467,0.5622633112312239,-0.342,0.342,41.8,-0.255,0.255,31.2,xgboost
2019-08-05,TUMBES,0.8175244542002366,0.49404759403960496,0.7271204848175898,-0.323,0.323,39.5,-0.09,0.09,11.0,xgboost
2019-08-12,TUMBES,0.0,0.5525859135336098,0.5895187046493995,0.553,0.553,,0.59,0.59,,random_forest
2019-08-19,TUMBES,0.0,0.44654838421413845,0.36226683107497837,0.447,0.447,,0.362,0.362,,xgboost
2019-08-26,TUMBES,0.0,0.3760048813126842,0.2764450816750392,0.376,0.376,,0.276,0.276,,xgboost
2019-09-02,TUMBES,0.0,0.3522913230819605,0.26848810335890194,0.352,0.352,,0.268,0.268,,xgboost
2019-09-09,TUMBES,0.0,0.26886289374118655,0.24768045630692642,0.269,0.269,,0.248,0.248,,xgboost
2019-09-16,TUMBES,0.0,0.26058381619071314,0.3004132262032097,0.261,0.261,,0.3,0.3,,random_forest
2019-09-23,TUMBES,0.0,0.13335288553494676,0.18172515207408885,0.133,0.133,,0.182,0.182,,random_forest
2019-09-30,TUMBES,0.0,0.1882905591823705,0.20308625714582879,0.188,0.188,,0.203,0.203,,random_forest
2019-10-07,TUMBES,0.0,0.2223706554617358,0.21709223283396753,0.222,0.222,,0.217,0.217,,xgboost
2019-10-14,TUMBES,0.0,0.22396757364861639,0.21709223283396753,0.224,0.224,,0.217,0.217,,xgboost
2019-10-21,TUMBES,0.0,0.15712684959591305,0.19300965400467332,0.157,0.157,,0.193,0.193,,random_forest
2019-10-28,TUMBES,0.0,0.1584494737116971,0.23497035276084347,0.158,0.158,,0.235,0.235,,random_forest
2019-11-04,TUMBES,0.4087622271001184,0.1981198653191826,0.211868385093514,-0.211,0.211,51.6,-0.197,0.197,48.2,xgboost
2019-11-11,TUMBES,0.4087622271001184,0.3173923120144857,0.2674635593327373,-0.091,0.091,22.3,-0.141,0.141,34.5,random_forest
2019-11-18,TUMBES,0.4087622271001184,0.2965056723877775,0.2901402933895274,-0.112,0.112,27.4,-0.119,0.119,29.1,random_forest
2019-11-25,TUMBES,0.0,0.2915401789649281,0.28313506250505904,0.292,0.292,,0.283,0.283,,xgboost
2019-12-02,TUMBES,0.0,0.2009502776709091,0.2152273326884219,0.201,0.201,,0.215,0.215,,random_forest
2019-12-09,TUMBES,0.0,0.18566457045301218,0.2078928062564518,0.186,0.186,,0.208,0.208,,random_forest
2019-12-16,TUMBES,0.0,0.07990247399895288,0.12412147180187985,0.08,0.08,,0.124,0.124,,random_forest
2019-12-23,TUMBES,0.0,0.10032881078412728,0.12117837790352876,0.1,0.1,,0.121,0.121,,random_forest
2019-12-30,TUMBES,0.0,0.1428020660974692,0.18482857605966804,0.143,0.143,,0.185,0.185,,random_forest
2020-01-06,TUMBES,0.40062176497924806,0.16367639849950957,0.18482857605966804,-0.237,0.237,59.2,-0.216,0.216,53.9,xgboost
2020-01-13,TUMBES,0.40062176497924806,0.2704962280203125,0.18361595862277336,-0.13,0.13,32.4,-0.217,0.217,54.2,random_forest
2020-01-20,TUMBES,0.40062176497924806,0.30369622286460407,0.18988588287546654,-0.097,0.097,24.2,-0.211,0.211,52.7,random_forest
2020-01-27,TUMBES,0.0,0.26162898115691735,0.1779738875597042,0.262,0.262,,0.178,0.178,,xgboost
2020-02-03,TUMBES,0.0,0.1899918218731537,0.2993875834078907,0.19,0.19,,0.299,0.299,,random_forest
2020-02-10,TUMBES,0.0,0.15087252063822823,0.23820111713125813,0.151,0.151,,0.238,0.238,,random_forest
2020-02-17,TUMBES,0.0,0.16209467759406743,0.2459830199791968,0.162,0.162,,0.246,0.246,,random_forest
2020-02-24,TUMBES,0.0,0.18005452171409544,0.2767148781327409,0.18,0.18,,0.277,0.277,,random_forest
2020-03-02,TUMBES,0.0,0.21072619244769075,0.33022426870839566,0.211,0.211,,0.33,0.33,,random_forest
2020-03-09,TUMBES,0.0,0.24106985158205346,0.3853675644404979,0.241,0.241,,0.385,0.385,,random_forest
2020-03-16,TUMBES,0.0,0.27456371838960353,0.3941508959511791,0.275,0.275,,0.394,0.394,,random_forest
2020-03-23,TUMBES,0.0,0.2766949433932469,0.3941508959511791,0.277,0.277,,0.394,0.394,,random_forest
2020-03-30,TUMBES,0.0,0.26196045088227926,0.38830693932717975,0.262,0.262,,0.388,0.388,,random_forest
2020-04-06,TUMBES,0.0,0.08986223974282923,0.1766397945484661,0.09,0.09,,0.177,0.177,,random_forest
2020-04-13,TUMBES,0.0,0.08986223974282923,0.1766397945484661,0.09,0.09,,0.177,0.177,,random_forest
2020-04-20,TUMBES,0.0,0.09866419881381433,0.16949569390765434,0.099,0.099,,0.169,0.169,,random_forest
2020-04-27,TUMBES,0.0,0.10241765263981863,0.17473772574669835,0.102,0.102,,0.175,0.175,,random_forest
2020-05-04,TUMBES,0.0,0.05987002293552424,0.12459834853225252,0.06,0.06,,0.125,0.125,,random_forest
2020-05-11,TUMBES,0.0,0.07667968620069099,0.15883838547978757,0.077,0.077,,0.159,0.159,,random_forest
2020-05-18,TUMBES,0.0,0.07744461508381352,0.15907881603724555,0.077,0.077,,0.159,0.159,,random_forest
2020-05-25,TUMBES,0.0,0.07451882169382198,0.15907881603724555,0.075,0.075,,0.159,0.159,,random_forest
2020-06-01,TUMBES,0.0,0.04274650405800319,0.11873677661923705,0.043,0.043,,0.119,0.119,,random_forest
2020-06-08,TUMBES,0.0,0.04417692901122708,0.11873677661923705,0.044,0.044,,0.119,0.119,,random_forest
2020-06-15,TUMBES,0.0,0.04917983604448685,0.11873677661923705,0.049,0.049,,0.119,0.119,,random_forest
2020-06-22,TUMBES,0.0,0.0515116645469641,0.11873677661923705,0.052,0.052,,0.119,0.119,,random_forest
2020-06-29,TUMBES,0.0,0.021429886981999286,0.09465884952311099,0.021,0.021,,0.095,0.095,,random_forest
2020-07-06,TUMBES,0.0,0.026905621006560073,0.09465884952311099,0.027,0.027,,0.095,0.095,,random_forest
2020-07-13,TUMBES,0.0,0.03262094425806305,0.09465884952311099,0.033,0.033,,0.095,0.095,,random_forest
2020-07-20,TUMBES,0.0,0.08453971260963852,0.10653059027213256,0.085,0.085,,0.107,0.107,,random_forest
2020-07-27,TUMBES,0.0,0.06655349332627827,0.08369694618568509,0.067,0.067,,0.084,0.084,,random_forest
2020-08-03,TUMBES,0.0,0.06395163572775103,0.08369694618568509,0.064,0.064,,0.084,0.084,,random_forest
2020-08-10,TUMBES,0.0,0.038759758438305154,0.07886161572894818,0.039,0.039,,0.079,0.079,,random_forest
2020-08-17,TUMBES,0.0,0.03818012497627619,0.07886161572894818,0.038,0.038,,0.079,0.079,,random_forest
2020-08-24,TUMBES,0.0,0.02276953916638204,0.07640741558685929,0.023,0.023,,0.076,0.076,,random_forest
2020-08-31,TUMBES,0.0,0.02276953916638204,0.07640741558685929,0.023,0.023,,0.076,0.076,,random_forest
2020-09-07,TUMBES,0.0,0.02276953916638204,0.07640741558685929,0.023,0.023,,0.076,0.076,,random_forest
2020-09-14,TUMBES,0.0,0.020884263577343277,0.07640741558685929,0.021,0.021,,0.076,0.076,,random_forest
2020-09-21,TUMBES,0.0,0.007688140586655884,0.061499482367427374,0.008,0.008,,0.061,0.061,,random_forest
2020-09-28,TUMBES,0.0,0.00855187624811245,0.06903827652925512,0.009,0.009,,0.069,0.069,,random_forest
2020-10-05,TUMBES,0.0,0.01384946580621713,0.06903827652925512,0.014,0.014,,0.069,0.069,,random_forest
2020-10-12,TUMBES,0.8012435299584958,0.018323384240367755,0.06903827652925512,-0.783,0.783,97.7,-0.732,0.732,91.4,xgboost
2020-10-19,TUMBES,1.2018652949377435,0.3319218532126035,0.37806948867927553,-0.87,0.87,72.4,-0.824,0.824,68.6,xgboost
2020-10-26,TUMBES,1.6024870599169914,0.5051509460726142,0.4997800124810418,-1.097,1.097,68.5,-1.103,1.103,68.8,random_forest
2020-11-02,TUMBES,1.2018652949377433,1.0706180533901417,1.427928608422461,-0.131,0.131,10.9,0.226,0.226,18.8,random_forest
2020-11-09,TUMBES,0.8012435299584958,0.8857204804867227,0.7130214332298639,0.084,0.084,10.5,-0.088,0.088,11.0,random_forest
2020-11-16,TUMBES,0.8012435299584958,0.8096603609719988,0.6129726486231819,0.008,0.008,1.0,-0.188,0.188,23.5,random_forest
2020-11-23,TUMBES,0.8012435299584958,0.809144623736386,0.7281146990775664,0.008,0.008,1.0,-0.073,0.073,9.1,random_forest
2020-11-30,TUMBES,0.8012435299584958,0.737560905021476,0.6867355294482742,-0.064,0.064,8.0,-0.115,0.115,14.4,random_forest
2020-12-07,TUMBES,0.40062176497924806,0.6472272939270574,0.6697679142510478,0.247,0.247,61.7,0.269,0.269,67.1,random_forest
2020-12-14,TUMBES,0.8012435299584958,0.559872538197844,0.3413991513363882,-0.241,0.241,30.1,-0.46,0.46,57.4,random_forest
2020-12-21,TUMBES,0.8012435299584958,0.5984431407029844,0.5458432042829353,-0.203,0.203,25.3,-0.255,0.255,31.8,random_forest
2020-12-28,TUMBES,0.8012435299584958,0.6155464535610347,0.5280680983363646,-0.186,0.186,23.2,-0.273,0.273,34.1,random_forest
2021-01-04,TUMBES,0.0,0.6948347946144426,0.6225586530041307,0.695,0.695,,0.623,0.623,,xgboost
2021-01-11,TUMBES,0.0,0.4316872814430007,0.3294106706125286,0.432,0.432,,0.329,0.329,,xgboost
2021-01-18,TUMBES,0.0,0.4062801750078649,0.35945899847950447,0.406,0.406,,0.359,0.359,,xgboost
2021-01-25,TUMBES,0.0,0.3335354402538303,0.26630539105946327,0.334,0.334,,0.266,0.266,,xgboost
2021-02-01,TUMBES,0.0,0.08410256003742632,0.11181124715484043,0.084,0.084,,0.112,0.112,,random_forest
2021-02-08,TUMBES,0.0,0.04382165811911226,0.07346066916897406,0.044,0.044,,0.073,0.073,,random_forest
2021-02-15,TUMBES,0.0,0.047806532009943545,0.07726608342997364,0.048,0.048,,0.077,0.077,,random_forest
2021-02-22,TUMBES,0.0,0.08487502859767548,0.09314951843244987,0.085,0.085,,0.093,0.093,,random_forest
2021-03-01,TUMBES,0.0,0.09155931437283417,0.09298198059009476,0.092,0.092,,0.093,0.093,,random_forest
2021-03-08,TUMBES,0.0,0.05469876401303653,0.08135374253415857,0.055,0.055,,0.081,0.081,,random_forest
2021-03-15,TUMBES,0.0,0.03176938453013077,0.07518601871192328,0.032,0.032,,0.075,0.075,,random_forest
2021-03-22,TUMBES,0.0,0.019536952504137603,0.07024578418653066,0.02,0.02,,0.07,0.07,,random_forest
2021-03-29,TUMBES,0.0,0.007659418736291268,0.07292864443214396,0.008,0.008,,0.073,0.073,,random_forest
2021-04-05,TUMBES,0.0,0.014452436806029962,0.067988668459402,0.014,0.014,,0.068,0.068,,random_forest
2021-04-12,TUMBES,0.0,0.03231093907836278,0.067988668459402,0.032,0.032,,0.068,0.068,,random_forest
2021-04-19,TUMBES,0.0,0.03581652454331539,0.07669869621400956,0.036,0.036,,0.077,0.077,,random_forest
2021-04-26,TUMBES,0.0,0.03581652454331539,0.07669869621400956,0.036,0.036,,0.077,0.077,,random_forest
2021-05-03,TUMBES,0.0,0.010136498404968134,0.06406485043508184,0.01,0.01,,0.064,0.064,,random_forest
2021-05-10,TUMBES,0.0,0.010136498404968134,0.06406485043508184,0.01,0.01,,0.064,0.064,,random_forest
2021-05-17,TUMBES,0.0,0.011000246621288436,0.06570525070720479,0.011,0.011,,0.066,0.066,,random_forest
2021-05-24,TUMBES,0.0,0.011000246621288436,0.06570525070720479,0.011,0.011,,0.066,0.066,,random_forest
2021-05-31,TUMBES,0.0,0.00840530024075674,0.06329441463396435,0.008,0.008,,0.063,0.063,,random_forest
2021-06-07,TUMBES,0.0,0.005390788975173109,0.06114927577121875,0.005,0.005,,0.061,0.061,,random_forest
2021-06-14,TUMBES,0.0,0.005390788975173109,0.06114927577121875,0.005,0.005,,0.061,0.061,,random_forest
2021-06-21,TUMBES,0.0,0.005390788975173109,0.06114927577121875,0.005,0.005,,0.061,0.061,,random_forest
2021-06-28,TUMBES,0.0,0.005497148444969134,0.05311460551638453,0.005,0.005,,0.053,0.053,,random_forest
2021-07-05,TUMBES,0.0,0.0072982596036871294,0.05311460551638453,0.007,0.007,,0.053,0.053,,random_forest
2021-07-12,TUMBES,0.0,0.0072982596036871294,0.05311460551638453,0.007,0.007,,0.053,0.053,,random_forest
2021-07-19,TUMBES,0.0,0.009708482216498317,0.05311460551638453,0.01,0.01,,0.053,0.053,,random_forest
2021-07-26,TUMBES,0.0,0.021346981995564954,0.05863162337660557,0.021,0.021,,0.059,0.059,,random_forest
2021-08-02,TUMBES,0.3927976620683156,0.017918033187722216,0.06042703533901357,-0.375,0.375,95.5,-0.332,0.332,84.5,xgboost
2021-08-09,TUMBES,0.3927976620683156,0.1818366571396925,0.06042703533901357,-0.211,0.211,53.7,-0.332,0.332,84.5,random_forest
2021-08-16,TUMBES,0.785595324136631,0.22112284569800264,0.06948202460694558,-0.564,0.564,71.8,-0.716,0.716,91.1,random_forest
2021-08-23,TUMBES,0.3927976620683156,0.5151424762735048,0.4477575321963749,0.122,0.122,31.1,0.055,0.055,14.0,xgboost
2021-08-30,TUMBES,1.5711906482732616,0.35075802901360753,0.32255832614998625,-1.22,1.22,77.6,-1.249,1.249,79.5,random_forest
2021-09-06,TUMBES,1.1783929862049465,1.0571274053957258,1.2222936036251966,-0.121,0.121,10.3,0.044,0.044,3.7,xgboost
2021-09-13,TUMBES,1.1783929862049465,1.0623232583656446,0.8400885402891596,-0.116,0.116,9.8,-0.338,0.338,28.7,random_forest
2021-09-20,TUMBES,0.0,1.1613320546108792,1.0295974287466425,1.161,1.161,,1.03,1.03,,xgboost
2021-09-27,TUMBES,0.0,0.7686503902359618,0.44228729021644997,0.769,0.769,,0.442,0.442,,xgboost
2021-10-04,TUMBES,0.0,0.6469912121007333,0.42735013435411895,0.647,0.647,,0.427,0.427,,xgboost
2021-10-11,TUMBES,0.0,0.48765635984112554,0.38723107449451816,0.488,0.488,,0.387,0.387,,xgboost
2021-10-18,TUMBES,0.0,0.14446723506887926,0.14020398772886344,0.144,0.144,,0.14,0.14,,xgboost
2021-10-25,TUMBES,1.1783929862049465,0.13904036145665186,0.17604852743866822,-1.039,1.039,88.2,-1.002,1.002,85.0,xgboost
2021-11-01,TUMBES,1.963988310341577,0.46145542246150445,0.7883416804442152,-1.503,1.503,76.5,-1.176,1.176,59.9,xgboost
2021-11-08,TUMBES,1.963988310341577,1.208394100744754,1.623640281140748,-0.756,0.756,38.5,-0.34,0.34,17.3,xgboost
2021-11-15,TUMBES,1.5711906482732616,1.7364290288689834,1.7574969160740435,0.165,0.165,10.5,0.186,0.186,11.8,random_forest
2021-11-22,TUMBES,0.785595324136631,1.4634949976151566,1.5410470972896095,0.678,0.678,86.3,0.755,0.755,96.1,random_forest
2021-11-29,TUMBES,0.785595324136631,0.922759977147404,0.7923988528641837,0.137,0.137,17.4,0.007,0.007,0.9,xgboost
2021-12-06,TUMBES,1.5711906482732616,0.7046672166265904,0.638354082824292,-0.867,0.867,55.2,-0.933,0.933,59.4,random_forest
2021-12-13,TUMBES,3.142381296546523,1.1661862052954417,1.3902473148789491,-1.976,1.976,62.9,-1.752,1.752,55.8,xgboost
2021-12-20,TUMBES,3.5351789586148388,1.600407318646711,1.3917179133869158,-1.935,1.935,54.7,-2.143,2.143,60.6,random_forest
2021-12-27,TUMBES,2.7495836344782076,2.190383937297583,1.8243273641490667,-0.559,0.559,20.3,-0.925,0.925,33.6,random_forest
2022-01-03,TUMBES,1.5636662990931092,1.9164386298652945,1.5981287808943057,0.353,0.353,22.6,0.034,0.034,2.2,xgboost
2022-01-10,TUMBES,1.170868637024794,1.7719216404557105,1.313134695720899,0.601,0.601,51.3,0.142,0.142,12.1,xgboost
2022-01-17,TUMBES,0.3852733128881632,1.5375481689945034,1.0034766615941297,1.152,1.152,299.0,0.618,0.618,160.4,xgboost
2022-01-24,TUMBES,0.0,1.1287309242483587,0.5321108747030947,1.129,1.129,,0.532,0.532,,xgboost
2022-01-31,TUMBES,0.0,1.019669030338524,0.7568097291065718,1.02,1.02,,0.757,0.757,,xgboost
2022-02-07,TUMBES,0.3852733128881632,0.6156433518577364,0.36817131631166095,0.23,0.23,59.7,-0.017,0.017,4.4,xgboost
2022-02-14,TUMBES,0.3852733128881632,0.6618934940482151,0.429361700150077,0.277,0.277,71.9,0.044,0.044,11.4,xgboost
2022-02-21,TUMBES,0.3852733128881632,0.6906226566820703,0.4035634044653458,0.305,0.305,79.2,0.018,0.018,4.7,xgboost
2022-02-28,TUMBES,0.7705466257763262,0.49316621582856734,0.19395342910935848,-0.277,0.277,35.9,-0.577,0.577,74.9,random_forest
2022-03-07,TUMBES,1.1558199386644892,0.5940296760307993,0.5685374198717614,-0.562,0.562,48.6,-0.587,0.587,50.8,random_forest
2022-03-14,TUMBES,1.5410932515526519,0.6302915482267202,0.5710167781759747,-0.911,0.911,59.1,-0.97,0.97,62.9,random_forest
2022-03-21,TUMBES,0.7705466257763262,1.1117151614876706,1.1196273884117032,0.341,0.341,44.3,0.349,0.349,45.3,random_forest
2022-03-28,TUMBES,1.1558199386644892,0.6205622828195585,0.5599268633768868,-0.535,0.535,46.3,-0.596,0.596,51.6,random_forest
2022-04-04,TUMBES,1.9263665644408146,0.7618861021996157,0.6968824913367215,-1.164,1.164,60.4,-1.229,1.229,63.8,random_forest
2022-04-11,TUMBES,2.6969131902171406,1.188868660786556,1.100969401694793,-1.508,1.508,55.9,-1.596,1.596,59.2,random_forest
2022-04-18,TUMBES,2.3116398773289775,1.384793273062125,1.1784051004516827,-0.927,0.927,40.1,-1.133,1.133,49.0,random_forest
2022-04-25,TUMBES,1.1558199386644887,1.3135236804716173,0.9245315291775666,0.158,0.158,13.7,-0.231,0.231,20.0,random_forest
2022-05-02,TUMBES,2.311639877328977,1.2657843829714115,0.9467917406149273,-1.046,1.046,45.2,-1.365,1.365,59.0,random_forest
2022-05-09,TUMBES,2.69691319021714,1.2562769784263654,1.1674021644668469,-1.441,1.441,53.4,-1.53,1.53,56.7,random_forest
2022-05-16,TUMBES,4.238006441769792,1.2880016086955686,1.3632624272661893,-2.95,2.95,69.6,-2.875,2.875,67.8,xgboost
2022-05-23,TUMBES,3.4674598159934664,1.953993137045146,3.0492538477153612,-1.513,1.513,43.6,-0.418,0.418,12.1,xgboost
2022-05-30,TUMBES,3.0821865031053037,2.3113297822201746,1.7277077360149304,-0.771,0.771,25.0,-1.354,1.354,43.9,random_forest
2022-06-06,TUMBES,2.3116398773289775,1.8667743616839676,1.5660892591571134,-0.445,0.445,19.3,-0.746,0.746,32.3,random_forest
2022-06-13,TUMBES,2.3116398773289775,1.8958350538313788,1.2002072687286707,-0.416,0.416,18.0,-1.111,1.111,48.1,random_forest
2022-06-20,TUMBES,1.9263665644408148,1.787142018962855,1.2323496609049998,-0.139,0.139,7.2,-0.694,0.694,36.0,random_forest
2022-06-27,TUMBES,1.5410932515526516,1.7423021581775524,1.427826875330851,0.201,0.201,13.0,-0.113,0.113,7.3,xgboost
2022-07-04,TUMBES,1.1558199386644892,1.6760921649337526,1.6780438461415468,0.52,0.52,45.0,0.522,0.522,45.2,random_forest
2022-07-11,TUMBES,2.3116398773289775,1.5764534878212935,1.8172224759749724,-0.735,0.735,31.8,-0.494,0.494,21.4,xgboost
2022-07-18,TUMBES,2.6969131902171406,1.658537580766004,1.9600478559408754,-1.038,1.038,38.5,-0.737,0.737,27.3,xgboost
2022-07-25,TUMBES,2.6969131902171406,1.6184368806440612,2.2003650154979826,-1.078,1.078,40.0,-0.497,0.497,18.4,xgboost
2022-08-01,TUMBES,1.5410932515526519,1.452265407734593,1.5263177790712104,-0.089,0.089,5.8,-0.015,0.015,1.0,xgboost
2022-08-08,TUMBES,1.1558199386644892,1.168302283383908,1.0165886836184614,0.012,0.012,1.0,-0.139,0.139,12.0,random_forest
2022-08-15,TUMBES,0.3852733128881632,1.179095273694943,1.2497544037415547,0.794,0.794,206.1,0.864,0.864,224.3,random_forest
2022-08-22,TUMBES,1.5410932515526516,0.4705942169494522,0.3562812750769061,-1.07,1.07,69.4,-1.185,1.185,76.9,random_forest
2022-08-29,TUMBES,1.5410932515526516,1.3292809277467068,1.4306832436960075,-0.212,0.212,13.8,-0.11,0.11,7.1,xgboost
2022-09-05,TUMBES,1.9263665644408146,1.433219526838883,1.3441487585365133,-0.493,0.493,25.6,-0.582,0.582,30.2,random_forest
2022-09-12,TUMBES,1.9263665644408146,1.5100030641370927,1.513887191164776,-0.416,0.416,21.6,-0.412,0.412,21.4,xgboost
2022-09-19,TUMBES,1.5410932515526519,1.4053136283193037,1.0707737306610925,-0.136,0.136,8.8,-0.47,0.47,30.5,random_forest
2022-09-26,TUMBES,1.9263665644408146,1.3734972466884119,1.0732313998127547,-0.553,0.553,28.7,-0.853,0.853,44.3,random_forest
2022-10-03,TUMBES,1.5410932515526519,1.2907676188238666,1.1417304930007135,-0.25,0.25,16.2,-0.399,0.399,25.9,random_forest
2022-10-10,TUMBES,2.3116398773289775,1.309886120894224,1.2382458005518044,-1.002,1.002,43.3,-1.073,1.073,46.4,random_forest
2022-10-17,TUMBES,2.6969131902171406,1.6889223394388733,1.5699396233157152,-1.008,1.008,37.4,-1.127,1.127,41.8,random_forest
2022-10-24,TUMBES,3.467459815993466,1.6955092278093953,1.8211989277884872,-1.772,1.772,51.1,-1.646,1.646,47.5,xgboost
2022-10-31,TUMBES,3.4674598159934664,1.7631752698827636,1.7212186083258034,-1.704,1.704,49.1,-1.746,1.746,50.4,random_forest
2022-11-07,TUMBES,3.467459815993466,1.778224815879093,1.505044726146628,-1.689,1.689,48.7,-1.962,1.962,56.6,random_forest
2022-11-14,TUMBES,4.238006441769792,2.086363667631947,2.1188836488625027,-2.152,2.152,50.8,-2.119,2.119,50.0,xgboost
2022-11-21,TUMBES,5.39382638043428,2.6029526626832014,2.8078704941439043,-2.791,2.791,51.7,-2.586,2.586,47.9,xgboost
2022-11-28,TUMBES,5.393826380434279,3.323717140263941,3.1927931432461634,-2.07,2.07,38.4,-2.201,2.201,40.8,random_forest
2022-12-05,TUMBES,3.467459815993466,3.27444712187486,3.027836908380645,-0.193,0.193,5.6,-0.44,0.44,12.7,random_forest
